site_id,patient_id,age,sex,arm,visit_week,sbp,dbp,hr
S01,S01-001,50,M,active,0,181,99,65
S01,S01-001,50,M,active,4,175,100,70
S01,S01-001,50,M,active,8,177,97,68
S01,S01-001,50,M,active,12,166,100,70
S01,S01-002,49,M,placebo,0,143,89,79
S01,S01-002,49,M,placebo,4,150,80,74
S01,S01-002,49,M,placebo,8,142,88,81
S01,S01-002,49,M,placebo,12,144,83,78
S01,S01-003,49,M,placebo,0,152,88,68
S01,S01-003,49,M,placebo,4,146,80,70
S01,S01-003,49,M,placebo,8,137,79,75
S01,S01-003,49,M,placebo,12,135,84,75
S01,S01-004,78,F,active,0,157,107,69
S01,S01-004,78,F,active,4,146,104,69
S01,S01-004,78,F,active,8,146,93,70
S01,S01-004,78,F,active,12,148,100,73
S01,S01-005,59,M,placebo,0,165,101,66
S01,S01-005,59,M,placebo,4,160,105,66
S01,S01-005,59,M,placebo,8,142,98,67
S01,S01-005,59,M,placebo,12,156,105,72
S01,S01-006,60,M,active,0,172,98,66
S01,S01-006,60,M,active,4,171,94,59
S01,S01-006,60,M,active,8,175,101,51
S01,S01-006,60,M,active,12,149,97,50
S01,S01-007,40,F,active,0,162,95,67
S01,S01-007,40,F,active,4,165,101,68
S01,S01-007,40,F,active,8,148,92,68
S01,S01-007,40,F,active,12,163,91,70
S01,S01-008,51,F,active,0,162,105,69
S01,S01-008,51,F,active,4,160,98,74
S01,S01-008,51,F,active,8,144,99,67
S01,S01-008,51,F,active,12,147,92,66
S01,S01-009,60,M,active,0,179,96,76
S01,S01-009,60,M,active,4,171,101,68
S01,S01-009,60,M,active,8,168,90,75
S01,S01-009,60,M,active,12,165,83,74
S01,S01-010,48,F,placebo,0,136,91,67
S01,S01-010,48,F,placebo,4,138,93,74
S01,S01-010,48,F,placebo,8,137,81,65
S01,S01-010,48,F,placebo,12,138,74,76
S01,S01-011,67,F,placebo,0,153,94,75
S01,S01-011,67,F,placebo,4,140,93,71
S01,S01-011,67,F,placebo,8,145,93,76
S01,S01-011,67,F,placebo,12,154,89,71
S01,S01-012,46,M,active,0,140,90,77
S01,S01-012,46,M,active,4,140,88,82
S01,S01-012,46,M,active,8,138,78,82
S01,S01-012,46,M,active,12,138,85,78
S01,S01-013,55,M,active,0,151,101,77
S01,S01-013,55,M,active,4,154,91,78
S01,S01-013,55,M,active,8,147,87,79
S01,S01-013,55,M,active,12,143,85,75
S01,S01-014,52,M,active,0,142,89,80
S01,S01-014,52,M,active,4,148,77,67
S01,S01-014,52,M,active,8,128,82,74
S01,S01-014,52,M,active,12,112,77,71
S01,S01-015,60,M,active,0,172,108,73
S01,S01-015,60,M,active,4,155,97,70
S01,S01-015,60,M,active,8,154,101,72
S01,S01-015,60,M,active,12,156,87,80
S01,S01-016,52,M,placebo,0,143,103,71
S01,S01-016,52,M,placebo,4,143,101,74
S01,S01-016,52,M,placebo,8,140,96,71
S01,S01-016,52,M,placebo,12,143,99,72
S01,S01-017,55,M,placebo,0,140,92,66
S01,S01-017,55,M,placebo,4,139,86,68
S01,S01-017,55,M,placebo,8,137,80,71
S01,S01-017,55,M,placebo,12,125,86,73
S01,S01-018,56,F,placebo,0,129,89,76
S01,S01-018,56,F,placebo,4,142,91,77
S01,S01-018,56,F,placebo,8,138,91,70
S01,S01-018,56,F,placebo,12,142,84,74
S01,S01-019,51,M,placebo,0,163,80,75
S01,S01-019,51,M,placebo,4,158,88,75
S01,S01-019,51,M,placebo,8,160,83,72
S01,S01-019,51,M,placebo,12,155,74,75
S01,S01-020,63,M,placebo,0,168,102,91
S01,S01-020,63,M,placebo,4,160,100,94
S01,S01-020,63,M,placebo,8,162,95,90
S01,S01-020,63,M,placebo,12,163,92,87
S01,S01-021,60,M,active,0,184,105,86
S01,S01-021,60,M,active,4,174,102,73
S01,S01-021,60,M,active,8,177,108,86
S01,S01-021,60,M,active,12,170,99,70
S01,S01-022,57,M,active,0,189,106,68
S01,S01-022,57,M,active,4,192,102,77
S01,S01-022,57,M,active,8,173,105,77
S01,S01-022,57,M,active,12,174,103,70
S01,S01-023,54,F,active,0,151,98,63
S01,S01-023,54,F,active,4,143,89,71
S01,S01-023,54,F,active,8,150,88,64
S01,S01-023,54,F,active,12,156,86,75
S01,S01-024,66,F,placebo,0,142,91,63
S01,S01-024,66,F,placebo,4,143,93,65
S01,S01-024,66,F,placebo,8,147,85,70
S01,S01-024,66,F,placebo,12,147,84,64
S01,S01-025,56,F,placebo,0,129,89,78
S01,S01-025,56,F,placebo,4,136,86,81
S01,S01-025,56,F,placebo,8,127,90,81
S01,S01-025,56,F,placebo,12,120,77,76
S01,S01-026,55,F,placebo,0,155,87,73
S01,S01-026,55,F,placebo,4,148,86,71
S01,S01-026,55,F,placebo,8,150,79,78
S01,S01-026,55,F,placebo,12,151,84,74
S01,S01-027,59,F,active,0,150,87,75
S01,S01-027,59,F,active,4,152,88,75
S01,S01-027,59,F,active,8,130,91,77
S01,S01-027,59,F,active,12,137,84,78
S01,S01-028,75,M,active,0,144,86,54
S01,S01-028,75,M,active,4,149,88,54
S01,S01-028,75,M,active,8,141,90,62
S01,S01-028,75,M,active,12,127,79,56
S01,S01-029,45,M,active,0,153,86,74
S01,S01-029,45,M,active,4,139,90,81
S01,S01-029,45,M,active,8,135,84,81
S01,S01-029,45,M,active,12,127,84,73
S01,S01-030,66,F,placebo,0,150,99,77
S01,S01-030,66,F,placebo,4,155,101,80
S01,S01-030,66,F,placebo,8,150,94,77
S01,S01-030,66,F,placebo,12,152,97,78
S01,S01-031,39,F,placebo,0,170,100,57
S01,S01-031,39,F,placebo,4,174,98,60
S01,S01-031,39,F,placebo,8,163,96,62
S01,S01-031,39,F,placebo,12,155,104,61
S01,S01-032,60,M,active,0,163,101,72
S01,S01-032,60,M,active,4,152,97,74
S01,S01-032,60,M,active,8,157,98,75
S01,S01-032,60,M,active,12,150,101,73
S01,S01-033,74,M,active,0,152,84,74
S01,S01-033,74,M,active,4,152,85,76
S01,S01-033,74,M,active,8,158,86,77
S01,S01-033,74,M,active,12,155,93,75
S01,S01-034,63,M,active,0,143,87,73
S01,S01-034,63,M,active,4,140,87,76
S01,S01-034,63,M,active,8,142,77,72
S01,S01-034,63,M,active,12,127,75,70
S01,S01-035,60,F,active,0,137,87,68
S01,S01-035,60,F,active,4,132,84,72
S01,S01-035,60,F,active,8,130,84,70
S01,S01-035,60,F,active,12,120,80,71
S01,S01-036,52,F,active,0,140,95,74
S01,S01-036,52,F,active,4,132,92,70
S01,S01-036,52,F,active,8,130,91,74
S01,S01-036,52,F,active,12,133,89,73
S01,S01-037,58,M,placebo,0,153,89,65
S01,S01-037,58,M,placebo,4,165,86,76
S01,S01-037,58,M,placebo,8,159,98,68
S01,S01-037,58,M,placebo,12,140,99,63
S01,S01-038,55,F,placebo,0,178,95,69
S01,S01-038,55,F,placebo,4,173,91,69
S01,S01-038,55,F,placebo,8,172,98,73
S01,S01-038,55,F,placebo,12,173,101,72
S01,S01-039,50,F,active,0,160,103,82
S01,S01-039,50,F,active,4,150,96,86
S01,S01-039,50,F,active,8,154,89,85
S01,S01-039,50,F,active,12,136,85,85
S01,S01-040,55,F,placebo,0,167,101,53
S01,S01-040,55,F,placebo,4,181,99,54
S01,S01-040,55,F,placebo,8,165,96,43
S01,S01-040,55,F,placebo,12,171,107,50
S01,S01-041,60,F,placebo,0,150,112,61
S01,S01-041,60,F,placebo,4,151,109,70
S01,S01-041,60,F,placebo,8,146,100,70
S01,S01-041,60,F,placebo,12,143,106,74
S01,S01-042,50,F,placebo,0,136,101,78
S01,S01-042,50,F,placebo,4,142,99,74
S01,S01-042,50,F,placebo,8,133,102,71
S01,S01-042,50,F,placebo,12,141,99,75
S01,S01-043,50,M,placebo,0,150,88,72
S01,S01-043,50,M,placebo,4,145,90,74
S01,S01-043,50,M,placebo,8,140,86,78
S01,S01-043,50,M,placebo,12,143,77,72
S01,S01-044,44,F,active,0,145,90,72
S01,S01-044,44,F,active,4,148,85,72
S01,S01-044,44,F,active,8,128,80,60
S01,S01-044,44,F,active,12,133,90,73
S01,S01-045,62,M,active,0,169,106,61
S01,S01-045,62,M,active,4,170,103,58
S01,S01-045,62,M,active,8,185,98,55
S01,S01-045,62,M,active,12,180,101,55
S01,S01-046,63,M,active,0,140,88,72
S01,S01-046,63,M,active,4,134,87,77
S01,S01-046,63,M,active,8,123,81,70
S01,S01-046,63,M,active,12,135,85,76
S01,S01-047,60,F,placebo,0,180,101,81
S01,S01-047,60,F,placebo,4,167,95,85
S01,S01-047,60,F,placebo,8,160,100,86
S01,S01-047,60,F,placebo,12,166,100,96
S01,S01-048,68,F,placebo,0,140,103,54
S01,S01-048,68,F,placebo,4,142,99,66
S01,S01-048,68,F,placebo,8,143,95,60
S01,S01-048,68,F,placebo,12,141,96,60
S01,S01-049,59,M,active,0,171,97,79
S01,S01-049,59,M,active,4,164,93,81
S01,S01-049,59,M,active,8,161,87,78
S01,S01-049,59,M,active,12,149,88,85
S01,S01-050,62,M,active,0,165,91,68
S01,S01-050,62,M,active,4,167,87,74
S01,S01-050,62,M,active,8,148,92,67
S01,S01-050,62,M,active,12,146,90,69
S01,S01-051,61,F,active,0,161,76,67
S01,S01-051,61,F,active,4,149,81,73
S01,S01-051,61,F,active,8,155,83,77
S01,S01-051,61,F,active,12,140,81,71
S01,S01-052,57,F,placebo,0,163,98,63
S01,S01-052,57,F,placebo,4,154,93,59
S01,S01-052,57,F,placebo,8,150,89,63
S01,S01-052,57,F,placebo,12,158,87,57
S01,S01-053,53,M,placebo,0,145,88,66
S01,S01-053,53,M,placebo,4,140,87,70
S01,S01-053,53,M,placebo,8,142,90,75
S01,S01-053,53,M,placebo,12,146,89,81
S01,S01-054,80,F,placebo,0,151,90,80
S01,S01-054,80,F,placebo,4,163,89,88
S01,S01-054,80,F,placebo,8,154,92,83
S01,S01-054,80,F,placebo,12,162,93,82
S01,S01-055,53,F,active,0,135,87,78
S01,S01-055,53,F,active,4,142,84,77
S01,S01-055,53,F,active,8,134,86,77
S01,S01-055,53,F,active,12,136,81,75
S01,S01-056,51,F,active,0,142,85,80
S01,S01-056,51,F,active,4,136,87,80
S01,S01-056,51,F,active,8,131,82,88
S01,S01-056,51,F,active,12,128,82,85
S01,S01-057,62,F,placebo,0,141,80,79
S01,S01-057,62,F,placebo,4,133,74,81
S01,S01-057,62,F,placebo,8,142,76,85
S01,S01-057,62,F,placebo,12,141,84,82
S01,S01-058,61,M,placebo,0,160,84,73
S01,S01-058,61,M,placebo,4,159,80,80
S01,S01-058,61,M,placebo,8,157,80,82
S01,S01-058,61,M,placebo,12,166,87,77
S01,S01-059,44,F,placebo,0,174,114,90
S01,S01-059,44,F,placebo,4,171,113,91
S01,S01-059,44,F,placebo,8,166,117,90
S01,S01-059,44,F,placebo,12,163,101,88
S01,S01-060,69,F,placebo,0,150,91,78
S01,S01-060,69,F,placebo,4,151,95,78
S01,S01-060,69,F,placebo,8,155,84,71
S01,S01-060,69,F,placebo,12,157,87,78
S01,S01-061,57,M,active,0,154,86,73
S01,S01-061,57,M,active,4,145,83,75
S01,S01-061,57,M,active,8,150,82,84
S01,S01-061,57,M,active,12,145,87,82
S01,S01-062,47,F,active,0,158,113,76
S01,S01-062,47,F,active,4,150,102,69
S01,S01-062,47,F,active,8,153,108,65
S01,S01-062,47,F,active,12,147,98,69
S01,S01-063,70,F,placebo,0,162,124,73
S01,S01-063,70,F,placebo,4,169,116,73
S01,S01-063,70,F,placebo,8,170,116,77
S01,S01-063,70,F,placebo,12,162,116,71
S01,S01-064,64,M,placebo,0,159,103,68
S01,S01-064,64,M,placebo,4,148,93,62
S01,S01-064,64,M,placebo,8,164,87,68
S01,S01-064,64,M,placebo,12,163,93,66
S01,S01-065,45,F,active,0,149,89,77
S01,S01-065,45,F,active,4,150,87,79
S01,S01-065,45,F,active,8,128,90,79
S01,S01-065,45,F,active,12,131,84,79
S01,S01-066,76,M,placebo,0,167,104,70
S01,S01-066,76,M,placebo,4,161,102,62
S01,S01-066,76,M,placebo,8,170,103,62
S01,S01-066,76,M,placebo,12,177,103,54
S01,S01-067,65,F,active,0,153,98,75
S01,S01-067,65,F,active,4,151,106,77
S01,S01-067,65,F,active,8,153,97,76
S01,S01-067,65,F,active,12,157,93,84
S01,S01-068,58,F,placebo,0,166,98,70
S01,S01-068,58,F,placebo,4,174,98,76
S01,S01-068,58,F,placebo,8,182,94,71
S01,S01-068,58,F,placebo,12,160,100,71
S02,S02-001,57,F,placebo,0,154,92,72
S02,S02-001,57,F,placebo,4,156,92,69
S02,S02-001,57,F,placebo,8,151,90,72
S02,S02-001,57,F,placebo,12,149,92,74
S02,S02-002,65,M,active,0,156,96,70
S02,S02-002,65,M,active,4,152,91,71
S02,S02-002,65,M,active,8,145,92,69
S02,S02-002,65,M,active,12,139,89,69
S02,S02-003,48,F,placebo,0,150,96,70
S02,S02-003,48,F,placebo,4,154,91,69
S02,S02-003,48,F,placebo,8,155,90,68
S02,S02-003,48,F,placebo,12,149,93,70
S02,S02-004,68,F,placebo,0,158,98,73
S02,S02-004,68,F,placebo,4,159,95,70
S02,S02-004,68,F,placebo,8,153,94,73
S02,S02-004,68,F,placebo,12,159,96,70
S02,S02-005,63,M,placebo,0,160,91,73
S02,S02-005,63,M,placebo,4,157,91,73
S02,S02-005,63,M,placebo,8,156,93,74
S02,S02-005,63,M,placebo,12,160,95,72
S02,S02-006,45,F,placebo,0,160,98,76
S02,S02-006,45,F,placebo,4,148,98,80
S02,S02-006,45,F,placebo,8,149,98,75
S02,S02-006,45,F,placebo,12,150,99,73
S02,S02-007,70,F,active,0,149,94,79
S02,S02-007,70,F,active,4,146,92,77
S02,S02-007,70,F,active,8,142,90,77
S02,S02-007,70,F,active,12,137,84,74
S02,S02-008,80,M,active,0,150,100,70
S02,S02-008,80,M,active,4,148,94,73
S02,S02-008,80,M,active,8,148,94,71
S02,S02-008,80,M,active,12,147,92,68
S02,S02-009,68,F,active,0,151,97,72
S02,S02-009,68,F,active,4,151,94,69
S02,S02-009,68,F,active,8,147,94,70
S02,S02-009,68,F,active,12,141,92,70
S02,S02-010,72,F,active,0,149,102,74
S02,S02-010,72,F,active,4,147,100,75
S02,S02-010,72,F,active,8,149,97,72
S02,S02-010,72,F,active,12,138,92,72
S02,S02-011,59,F,active,0,163,98,74
S02,S02-011,59,F,active,4,165,95,76
S02,S02-011,59,F,active,8,157,95,73
S02,S02-011,59,F,active,12,155,88,72
S02,S02-012,41,F,active,0,151,91,71
S02,S02-012,41,F,active,4,150,91,69
S02,S02-012,41,F,active,8,144,88,70
S02,S02-012,41,F,active,12,141,84,68
S02,S02-013,40,F,placebo,0,161,94,74
S02,S02-013,40,F,placebo,4,157,95,75
S02,S02-013,40,F,placebo,8,151,92,76
S02,S02-013,40,F,placebo,12,154,92,74
S02,S02-014,61,F,active,0,163,96,78
S02,S02-014,61,F,active,4,160,95,80
S02,S02-014,61,F,active,8,153,91,75
S02,S02-014,61,F,active,12,153,88,78
S02,S02-015,52,F,placebo,0,156,90,80
S02,S02-015,52,F,placebo,4,158,90,76
S02,S02-015,52,F,placebo,8,150,89,77
S02,S02-015,52,F,placebo,12,149,90,79
S02,S02-016,49,F,placebo,0,167,99,81
S02,S02-016,49,F,placebo,4,165,99,78
S02,S02-016,49,F,placebo,8,163,98,80
S02,S02-016,49,F,placebo,12,158,98,79
S02,S02-017,57,M,placebo,0,151,93,67
S02,S02-017,57,M,placebo,4,151,91,68
S02,S02-017,57,M,placebo,8,147,89,69
S02,S02-017,57,M,placebo,12,151,88,70
S02,S02-018,64,M,placebo,0,156,96,74
S02,S02-018,64,M,placebo,4,157,96,70
S02,S02-018,64,M,placebo,8,154,96,72
S02,S02-018,64,M,placebo,12,153,93,73
S02,S02-019,43,M,active,0,150,93,71
S02,S02-019,43,M,active,4,147,90,73
S02,S02-019,43,M,active,8,139,87,72
S02,S02-019,43,M,active,12,140,85,71
S02,S02-020,54,M,active,0,153,95,70
S02,S02-020,54,M,active,4,147,95,74
S02,S02-020,54,M,active,8,140,89,71
S02,S02-020,54,M,active,12,144,90,74
S02,S02-021,73,F,active,0,155,97,69
S02,S02-021,73,F,active,4,151,94,70
S02,S02-021,73,F,active,8,148,91,73
S02,S02-021,73,F,active,12,143,88,68
S02,S02-022,47,M,placebo,0,159,100,60
S02,S02-022,47,M,placebo,4,150,100,70
S02,S02-022,47,M,placebo,8,157,97,65
S02,S02-022,47,M,placebo,12,149,97,66
S02,S02-023,67,M,active,0,159,94,72
S02,S02-023,67,M,active,4,153,94,73
S02,S02-023,67,M,active,8,152,90,71
S02,S02-023,67,M,active,12,145,91,72
S02,S02-024,53,F,placebo,0,160,107,70
S02,S02-024,53,F,placebo,4,161,103,68
S02,S02-024,53,F,placebo,8,160,100,68
S02,S02-024,53,F,placebo,12,159,102,70
S02,S02-025,63,F,placebo,0,153,97,70
S02,S02-025,63,F,placebo,4,157,95,72
S02,S02-025,63,F,placebo,8,151,94,73
S02,S02-025,63,F,placebo,12,150,94,72
S02,S02-026,69,M,placebo,0,154,90,68
S02,S02-026,69,M,placebo,4,154,90,69
S02,S02-026,69,M,placebo,8,149,89,68
S02,S02-026,69,M,placebo,12,143,89,70
S02,S02-027,65,M,placebo,0,170,100,70
S02,S02-027,65,M,placebo,4,171,101,67
S02,S02-027,65,M,placebo,8,167,99,68
S02,S02-027,65,M,placebo,12,168,98,67
S02,S02-028,67,F,placebo,0,155,94,73
S02,S02-028,67,F,placebo,4,158,91,75
S02,S02-028,67,F,placebo,8,156,92,74
S02,S02-028,67,F,placebo,12,154,90,70
S02,S02-029,46,F,placebo,0,151,90,73
S02,S02-029,46,F,placebo,4,150,92,74
S02,S02-029,46,F,placebo,8,147,93,72
S02,S02-029,46,F,placebo,12,142,91,74
S02,S02-030,69,F,active,0,145,90,73
S02,S02-030,69,F,active,4,146,90,72
S02,S02-030,69,F,active,8,143,91,75
S02,S02-030,69,F,active,12,141,86,72
S02,S02-031,49,F,placebo,0,151,89,80
S02,S02-031,49,F,placebo,4,150,93,83
S02,S02-031,49,F,placebo,8,144,91,78
S02,S02-031,49,F,placebo,12,144,89,79
S02,S02-032,61,M,active,0,160,102,72
S02,S02-032,61,M,active,4,159,101,73
S02,S02-032,61,M,active,8,151,95,73
S02,S02-032,61,M,active,12,140,94,75
S02,S02-033,61,M,active,0,151,96,75
S02,S02-033,61,M,active,4,147,94,75
S02,S02-033,61,M,active,8,150,92,74
S02,S02-033,61,M,active,12,141,90,74
S02,S02-034,63,F,active,0,154,99,70
S02,S02-034,63,F,active,4,151,94,69
S02,S02-034,63,F,active,8,152,91,66
S02,S02-034,63,F,active,12,145,93,69
S02,S02-035,61,M,active,0,148,93,69
S02,S02-035,61,M,active,4,150,90,70
S02,S02-035,61,M,active,8,143,88,67
S02,S02-035,61,M,active,12,141,85,67
S02,S02-036,50,M,active,0,158,96,70
S02,S02-036,50,M,active,4,153,92,79
S02,S02-036,50,M,active,8,151,89,78
S02,S02-036,50,M,active,12,142,86,78
S02,S02-037,45,M,active,0,148,96,69
S02,S02-037,45,M,active,4,150,88,68
S02,S02-037,45,M,active,8,138,88,67
S02,S02-037,45,M,active,12,132,82,68
S02,S02-038,67,F,active,0,149,92,68
S02,S02-038,67,F,active,4,145,89,68
S02,S02-038,67,F,active,8,137,84,68
S02,S02-038,67,F,active,12,128,84,69
S02,S02-039,60,M,active,0,157,90,70
S02,S02-039,60,M,active,4,147,86,72
S02,S02-039,60,M,active,8,147,87,74
S02,S02-039,60,M,active,12,141,86,69
S02,S02-040,69,M,placebo,0,155,98,72
S02,S02-040,69,M,placebo,4,155,96,71
S02,S02-040,69,M,placebo,8,154,95,71
S02,S02-040,69,M,placebo,12,152,96,70
S02,S02-041,58,M,placebo,0,157,98,68
S02,S02-041,58,M,placebo,4,154,97,71
S02,S02-041,58,M,placebo,8,155,93,67
S02,S02-041,58,M,placebo,12,150,94,67
S03,S03-001,49,F,active,0,164,107,81
S03,S03-001,49,F,active,4,153,96,78
S03,S03-001,49,F,active,8,139,100,90
S03,S03-001,49,F,active,12,133,88,80
S03,S03-002,45,M,active,0,151,90,75
S03,S03-002,45,M,active,4,155,84,77
S03,S03-002,45,M,active,8,140,90,68
S03,S03-002,45,M,active,12,143,95,73
S03,S03-003,57,F,placebo,0,160,95,65
S03,S03-003,57,F,placebo,4,159,89,59
S03,S03-003,57,F,placebo,8,147,98,58
S03,S03-003,57,F,placebo,12,159,91,67
S03,S03-004,58,F,active,0,154,106,82
S03,S03-004,58,F,active,4,158,98,79
S03,S03-004,58,F,active,8,144,94,75
S03,S03-004,58,F,active,12,146,94,76
S03,S03-005,55,M,active,0,150,92,52
S03,S03-005,55,M,active,4,147,86,51
S03,S03-005,55,M,active,8,148,83,51
S03,S03-005,55,M,active,12,140,82,52
S03,S03-006,70,M,placebo,0,132,96,66
S03,S03-006,70,M,placebo,4,140,101,64
S03,S03-006,70,M,placebo,8,139,92,71
S03,S03-006,70,M,placebo,12,126,96,71
S03,S03-007,49,F,placebo,0,140,92,88
S03,S03-007,49,F,placebo,4,131,89,78
S03,S03-007,49,F,placebo,8,127,90,82
S03,S03-007,49,F,placebo,12,138,86,82
S03,S03-008,61,M,active,0,137,98,71
S03,S03-008,61,M,active,4,151,100,75
S03,S03-008,61,M,active,8,142,93,75
S03,S03-008,61,M,active,12,140,94,73
S03,S03-009,59,M,placebo,0,160,101,67
S03,S03-009,59,M,placebo,4,160,95,67
S03,S03-009,59,M,placebo,8,147,91,63
S03,S03-009,59,M,placebo,12,155,97,65
S03,S03-010,42,M,placebo,0,148,103,77
S03,S03-010,42,M,placebo,4,138,105,75
S03,S03-010,42,M,placebo,8,144,96,81
S03,S03-010,42,M,placebo,12,151,95,84
S03,S03-011,45,F,active,0,172,104,76
S03,S03-011,45,F,active,4,162,99,80
S03,S03-011,45,F,active,8,145,89,76
S03,S03-011,45,F,active,12,150,95,79
S03,S03-012,58,M,active,0,156,78,80
S03,S03-012,58,M,active,4,150,79,85
S03,S03-012,58,M,active,8,146,85,80
S03,S03-012,58,M,active,12,138,84,87
S03,S03-013,78,F,active,0,143,92,78
S03,S03-013,78,F,active,4,135,93,76
S03,S03-013,78,F,active,8,123,92,74
S03,S03-013,78,F,active,12,132,96,80
S03,S03-014,64,F,active,0,152,90,84
S03,S03-014,64,F,active,4,150,87,82
S03,S03-014,64,F,active,8,134,93,90
S03,S03-014,64,F,active,12,140,82,86
S03,S03-015,41,M,placebo,0,170,100,77
S03,S03-015,41,M,placebo,4,156,90,77
S03,S03-015,41,M,placebo,8,154,95,80
S03,S03-015,41,M,placebo,12,155,88,75
S03,S03-016,30,M,placebo,0,171,86,79
S03,S03-016,30,M,placebo,4,151,93,80
S03,S03-016,30,M,placebo,8,158,89,80
S03,S03-016,30,M,placebo,12,151,87,77
S03,S03-017,65,F,active,0,170,105,80
S03,S03-017,65,F,active,4,173,105,73
S03,S03-017,65,F,active,8,178,105,72
S03,S03-017,65,F,active,12,180,105,79
S03,S03-018,57,F,active,0,149,78,74
S03,S03-018,57,F,active,4,140,80,69
S03,S03-018,57,F,active,8,154,80,70
S03,S03-018,57,F,active,12,132,81,71
S03,S03-019,69,F,active,0,150,97,64
S03,S03-019,69,F,active,4,140,94,57
S03,S03-019,69,F,active,8,154,89,56
S03,S03-019,69,F,active,12,148,86,60
S03,S03-020,49,M,placebo,0,170,95,60
S03,S03-020,49,M,placebo,4,150,100,62
S03,S03-020,49,M,placebo,8,170,92,67
S03,S03-020,49,M,placebo,12,158,100,64
S03,S03-021,62,M,placebo,0,159,105,71
S03,S03-021,62,M,placebo,4,143,110,65
S03,S03-021,62,M,placebo,8,161,102,68
S03,S03-021,62,M,placebo,12,156,107,72
S03,S03-022,66,F,placebo,0,148,107,76
S03,S03-022,66,F,placebo,4,151,101,71
S03,S03-022,66,F,placebo,8,141,100,75
S03,S03-022,66,F,placebo,12,141,100,83
S03,S03-023,54,F,placebo,0,133,86,83
S03,S03-023,54,F,placebo,4,124,90,80
S03,S03-023,54,F,placebo,8,139,87,83
S03,S03-023,54,F,placebo,12,140,86,80
S03,S03-024,54,M,placebo,0,140,88,70
S03,S03-024,54,M,placebo,4,149,88,72
S03,S03-024,54,M,placebo,8,140,100,66
S03,S03-024,54,M,placebo,12,147,90,68
S03,S03-025,58,F,placebo,0,138,80,79
S03,S03-025,58,F,placebo,4,135,92,79
S03,S03-025,58,F,placebo,8,145,87,78
S03,S03-025,58,F,placebo,12,137,87,79
S03,S03-026,63,F,placebo,0,146,91,81
S03,S03-026,63,F,placebo,4,133,89,84
S03,S03-026,63,F,placebo,8,127,90,80
S03,S03-026,63,F,placebo,12,139,84,82
S03,S03-027,58,F,active,0,149,89,68
S03,S03-027,58,F,active,4,147,89,72
S03,S03-027,58,F,active,8,148,94,72
S03,S03-027,58,F,active,12,135,86,74
S03,S03-028,68,M,active,0,141,80,80
S03,S03-028,68,M,active,4,137,85,79
S03,S03-028,68,M,active,8,127,94,76
S03,S03-028,68,M,active,12,130,84,78
S03,S03-029,53,F,active,0,170,100,74
S03,S03-029,53,F,active,4,158,103,67
S03,S03-029,53,F,active,8,144,94,68
S03,S03-029,53,F,active,12,138,89,71
S03,S03-030,45,F,placebo,0,172,94,84
S03,S03-030,45,F,placebo,4,159,95,79
S03,S03-030,45,F,placebo,8,154,86,82
S03,S03-030,45,F,placebo,12,154,88,80
S03,S03-031,78,F,placebo,0,140,90,68
S03,S03-031,78,F,placebo,4,151,87,76
S03,S03-031,78,F,placebo,8,138,90,76
S03,S03-031,78,F,placebo,12,147,83,76
S03,S03-032,52,F,placebo,0,152,89,68
S03,S03-032,52,F,placebo,4,159,81,58
S03,S03-032,52,F,placebo,8,152,92,59
S03,S03-032,52,F,placebo,12,154,78,52
S03,S03-033,52,F,active,0,137,84,71
S03,S03-033,52,F,active,4,132,88,72
S03,S03-033,52,F,active,8,127,91,71
S03,S03-033,52,F,active,12,120,83,78
S03,S03-034,57,F,placebo,0,160,104,90
S03,S03-034,57,F,placebo,4,142,101,85
S03,S03-034,57,F,placebo,8,146,96,84
S03,S03-034,57,F,placebo,12,145,98,89
S03,S03-035,59,F,placebo,0,162,96,70
S03,S03-035,59,F,placebo,4,155,95,67
S03,S03-035,59,F,placebo,8,159,101,64
S03,S03-035,59,F,placebo,12,154,94,69
S03,S03-036,54,F,placebo,0,155,108,79
S03,S03-036,54,F,placebo,4,163,101,85
S03,S03-036,54,F,placebo,8,155,106,76
S03,S03-036,54,F,placebo,12,150,102,73
S03,S03-037,58,F,placebo,0,147,93,72
S03,S03-037,58,F,placebo,4,148,88,79
S03,S03-037,58,F,placebo,8,147,91,69
S03,S03-037,58,F,placebo,12,147,82,79
S03,S03-038,58,M,placebo,0,156,102,67
S03,S03-038,58,M,placebo,4,158,97,65
S03,S03-038,58,M,placebo,8,176,99,63
S03,S03-038,58,M,placebo,12,157,99,66
S03,S03-039,60,F,active,0,140,79,77
S03,S03-039,60,F,active,4,128,75,70
S03,S03-039,60,F,active,8,128,71,80
S03,S03-039,60,F,active,12,119,65,75
S03,S03-040,34,M,active,0,143,83,64
S03,S03-040,34,M,active,4,136,87,51
S03,S03-040,34,M,active,8,130,75,66
S03,S03-040,34,M,active,12,120,73,67
S03,S03-041,77,M,active,0,165,110,67
S03,S03-041,77,M,active,4,153,98,69
S03,S03-041,77,M,active,8,160,100,69
S03,S03-041,77,M,active,12,170,100,64
S03,S03-042,57,M,placebo,0,183,110,83
S03,S03-042,57,M,placebo,4,178,98,77
S03,S03-042,57,M,placebo,8,172,102,78
S03,S03-042,57,M,placebo,12,159,96,85
S03,S03-043,64,M,active,0,153,100,79
S03,S03-043,64,M,active,4,168,84,72
S03,S03-043,64,M,active,8,150,90,72
S03,S03-043,64,M,active,12,154,85,72
S03,S03-044,44,M,active,0,153,80,72
S03,S03-044,44,M,active,4,145,92,66
S03,S03-044,44,M,active,8,140,94,71
S03,S03-044,44,M,active,12,144,81,70
S03,S03-045,53,F,placebo,0,123,71,75
S03,S03-045,53,F,placebo,4,123,67,80
S03,S03-045,53,F,placebo,8,121,74,74
S03,S03-045,53,F,placebo,12,128,73,75
S03,S03-046,51,F,active,0,129,84,68
S03,S03-046,51,F,active,4,130,86,76
S03,S03-046,51,F,active,8,128,85,68
S03,S03-046,51,F,active,12,121,83,73
S03,S03-047,73,F,active,0,155,105,72
S03,S03-047,73,F,active,4,155,99,68
S03,S03-047,73,F,active,8,152,104,70
S03,S03-047,73,F,active,12,143,99,78
S03,S03-048,52,M,active,0,151,103,78
S03,S03-048,52,M,active,4,142,101,73
S03,S03-048,52,M,active,8,140,90,78
S03,S03-048,52,M,active,12,143,87,77
S03,S03-049,66,M,placebo,0,144,77,80
S03,S03-049,66,M,placebo,4,144,75,67
S03,S03-049,66,M,placebo,8,142,82,65
S03,S03-049,66,M,placebo,12,140,80,72
S03,S03-050,51,M,active,0,160,107,65
S03,S03-050,51,M,active,4,157,102,73
S03,S03-050,51,M,active,8,152,98,80
S03,S03-050,51,M,active,12,140,100,72
S03,S03-051,53,M,active,0,164,102,63
S03,S03-051,53,M,active,4,155,100,68
S03,S03-051,53,M,active,8,154,103,75
S03,S03-051,53,M,active,12,149,96,71
S03,S03-052,56,F,active,0,167,91,56
S03,S03-052,56,F,active,4,157,86,57
S03,S03-052,56,F,active,8,161,90,57
S03,S03-052,56,F,active,12,169,89,61
S03,S03-053,71,F,placebo,0,154,94,70
S03,S03-053,71,F,placebo,4,156,99,69
S03,S03-053,71,F,placebo,8,152,90,66
S03,S03-053,71,F,placebo,12,151,93,59
S04,S04-001,56,F,active,0,175,103,75
S04,S04-001,56,F,active,4,160,89,77
S04,S04-001,56,F,active,8,160,100,85
S04,S04-001,56,F,active,12,155,93,73
S04,S04-002,51,F,active,0,157,102,55
S04,S04-002,51,F,active,4,152,98,59
S04,S04-002,51,F,active,8,152,94,60
S04,S04-002,51,F,active,12,148,91,64
S04,S04-003,54,F,active,0,166,104,62
S04,S04-003,54,F,active,4,173,98,65
S04,S04-003,54,F,active,8,158,101,54
S04,S04-003,54,F,active,12,158,88,65
S04,S04-004,46,F,placebo,0,165,91,84
S04,S04-004,46,F,placebo,4,167,101,88
S04,S04-004,46,F,placebo,8,150,89,80
S04,S04-004,46,F,placebo,12,167,90,85
S04,S04-005,78,F,placebo,0,159,100,76
S04,S04-005,78,F,placebo,4,169,104,79
S04,S04-005,78,F,placebo,8,157,99,68
S04,S04-005,78,F,placebo,12,159,101,75
S04,S04-006,57,F,placebo,0,155,80,64
S04,S04-006,57,F,placebo,4,140,73,71
S04,S04-006,57,F,placebo,8,147,78,72
S04,S04-006,57,F,placebo,12,138,77,74
S04,S04-007,64,M,placebo,0,178,106,62
S04,S04-007,64,M,placebo,4,174,102,68
S04,S04-007,64,M,placebo,8,177,110,70
S04,S04-007,64,M,placebo,12,166,104,60
S04,S04-008,53,F,placebo,0,155,96,70
S04,S04-008,53,F,placebo,4,156,91,72
S04,S04-008,53,F,placebo,8,160,94,67
S04,S04-008,53,F,placebo,12,157,99,63
S04,S04-009,47,F,placebo,0,154,100,66
S04,S04-009,47,F,placebo,4,157,99,58
S04,S04-009,47,F,placebo,8,142,96,62
S04,S04-009,47,F,placebo,12,143,90,62
S04,S04-010,56,M,placebo,0,138,96,82
S04,S04-010,56,M,placebo,4,158,89,77
S04,S04-010,56,M,placebo,8,146,87,76
S04,S04-010,56,M,placebo,12,146,94,79
S04,S04-011,69,F,active,0,149,104,70
S04,S04-011,69,F,active,4,155,104,75
S04,S04-011,69,F,active,8,155,100,60
S04,S04-011,69,F,active,12,147,99,67
S04,S04-012,53,F,active,0,141,78,76
S04,S04-012,53,F,active,4,144,80,80
S04,S04-012,53,F,active,8,121,72,77
S04,S04-012,53,F,active,12,117,68,78
S04,S04-013,49,M,active,0,158,105,66
S04,S04-013,49,M,active,4,168,96,68
S04,S04-013,49,M,active,8,160,100,70
S04,S04-013,49,M,active,12,148,98,71
S04,S04-014,60,M,placebo,0,143,88,64
S04,S04-014,60,M,placebo,4,136,92,58
S04,S04-014,60,M,placebo,8,145,86,70
S04,S04-014,60,M,placebo,12,135,81,63
S04,S04-015,63,M,placebo,0,157,89,73
S04,S04-015,63,M,placebo,4,161,86,66
S04,S04-015,63,M,placebo,8,155,85,62
S04,S04-015,63,M,placebo,12,150,94,68
S04,S04-016,74,F,placebo,0,148,96,56
S04,S04-016,74,F,placebo,4,152,103,52
S04,S04-016,74,F,placebo,8,156,100,50
S04,S04-016,74,F,placebo,12,148,104,48
S04,S04-017,62,M,active,0,156,88,78
S04,S04-017,62,M,active,4,149,87,67
S04,S04-017,62,M,active,8,144,81,68
S04,S04-017,62,M,active,12,151,81,73
S04,S04-018,64,F,active,0,146,97,63
S04,S04-018,64,F,active,4,133,98,76
S04,S04-018,64,F,active,8,135,90,73
S04,S04-018,64,F,active,12,133,82,74
S04,S04-019,65,F,placebo,0,149,97,81
S04,S04-019,65,F,placebo,4,160,105,78
S04,S04-019,65,F,placebo,8,153,95,74
S04,S04-019,65,F,placebo,12,157,100,78
S04,S04-020,46,F,placebo,0,179,104,53
S04,S04-020,46,F,placebo,4,176,106,59
S04,S04-020,46,F,placebo,8,169,108,60
S04,S04-020,46,F,placebo,12,173,106,63
S04,S04-021,48,M,active,0,171,97,83
S04,S04-021,48,M,active,4,156,93,85
S04,S04-021,48,M,active,8,155,96,80
S04,S04-021,48,M,active,12,150,93,79
S04,S04-022,47,F,active,0,160,107,80
S04,S04-022,47,F,active,4,156,100,77
S04,S04-022,47,F,active,8,144,95,80
S04,S04-022,47,F,active,12,145,90,74
S04,S04-023,45,F,active,0,153,92,78
S04,S04-023,45,F,active,4,132,87,85
S04,S04-023,45,F,active,8,141,77,86
S04,S04-023,45,F,active,12,146,74,78
S04,S04-024,66,F,active,0,154,101,70
S04,S04-024,66,F,active,4,162,97,69
S04,S04-024,66,F,active,8,168,96,72
S04,S04-024,66,F,active,12,151,99,77
S04,S04-025,61,F,active,0,168,101,83
S04,S04-025,61,F,active,4,157,102,83
S04,S04-025,61,F,active,8,171,87,88
S04,S04-025,61,F,active,12,157,93,77
S04,S04-026,59,F,active,0,145,90,60
S04,S04-026,59,F,active,4,149,80,57
S04,S04-026,59,F,active,8,141,80,59
S04,S04-026,59,F,active,12,128,77,51
S04,S04-027,32,F,placebo,0,150,97,77
S04,S04-027,32,F,placebo,4,155,103,76
S04,S04-027,32,F,placebo,8,148,104,81
S04,S04-027,32,F,placebo,12,138,92,79
S04,S04-028,79,F,placebo,0,132,93,63
S04,S04-028,79,F,placebo,4,122,92,68
S04,S04-028,79,F,placebo,8,139,91,69
S04,S04-028,79,F,placebo,12,129,90,63
S04,S04-029,49,M,active,0,162,101,57
S04,S04-029,49,M,active,4,159,104,50
S04,S04-029,49,M,active,8,148,99,54
S04,S04-029,49,M,active,12,148,87,56
S04,S04-030,79,M,active,0,185,113,63
S04,S04-030,79,M,active,4,190,112,59
S04,S04-030,79,M,active,8,178,108,61
S04,S04-030,79,M,active,12,171,110,58
S04,S04-031,44,M,placebo,0,153,96,73
S04,S04-031,44,M,placebo,4,148,96,74
S04,S04-031,44,M,placebo,8,164,94,74
S04,S04-031,44,M,placebo,12,149,85,72
S04,S04-032,50,M,placebo,0,142,79,59
S04,S04-032,50,M,placebo,4,136,76,63
S04,S04-032,50,M,placebo,8,116,73,64
S04,S04-032,50,M,placebo,12,121,80,64
S04,S04-033,36,M,active,0,158,99,75
S04,S04-033,36,M,active,4,159,96,81
S04,S04-033,36,M,active,8,158,92,80
S04,S04-033,36,M,active,12,174,95,70
S04,S04-034,62,M,active,0,137,93,60
S04,S04-034,62,M,active,4,141,83,60
S04,S04-034,62,M,active,8,139,84,54
S04,S04-034,62,M,active,12,132,85,61
S04,S04-035,47,F,placebo,0,147,80,54
S04,S04-035,47,F,placebo,4,139,87,49
S04,S04-035,47,F,placebo,8,144,85,57
S04,S04-035,47,F,placebo,12,145,85,56
S04,S04-036,47,M,active,0,164,99,82
S04,S04-036,47,M,active,4,160,98,83
S04,S04-036,47,M,active,8,160,102,80
S04,S04-036,47,M,active,12,152,90,85
S04,S04-037,44,F,active,0,158,99,79
S04,S04-037,44,F,active,4,147,103,80
S04,S04-037,44,F,active,8,147,91,81
S04,S04-037,44,F,active,12,145,99,75
S04,S04-038,66,M,placebo,0,150,84,60
S04,S04-038,66,M,placebo,4,144,91,55
S04,S04-038,66,M,placebo,8,140,86,66
S04,S04-038,66,M,placebo,12,136,83,59
S04,S04-039,65,F,placebo,0,137,83,73
S04,S04-039,65,F,placebo,4,144,80,70
S04,S04-039,65,F,placebo,8,135,82,74
S04,S04-039,65,F,placebo,12,136,85,67
S04,S04-040,76,F,placebo,0,154,98,80
S04,S04-040,76,F,placebo,4,147,96,87
S04,S04-040,76,F,placebo,8,157,96,87
S04,S04-040,76,F,placebo,12,158,101,84
S04,S04-041,51,M,placebo,0,146,94,77
S04,S04-041,51,M,placebo,4,150,86,71
S04,S04-041,51,M,placebo,8,151,85,78
S04,S04-041,51,M,placebo,12,140,89,75
S04,S04-042,60,F,active,0,136,97,75
S04,S04-042,60,F,active,4,143,92,71
S04,S04-042,60,F,active,8,136,79,72
S04,S04-042,60,F,active,12,129,80,74
S05,S05-001,34,F,active,0,170,97,70
S05,S05-001,34,F,active,4,151,89,80
S05,S05-001,34,F,active,8,145,89,72
S05,S05-001,34,F,active,12,151,84,82
S05,S05-002,64,M,active,0,169,100,100
S05,S05-002,64,M,active,4,172,90,92
S05,S05-002,64,M,active,8,161,92,94
S05,S05-002,64,M,active,12,156,94,88
S05,S05-003,67,M,placebo,0,130,81,79
S05,S05-003,67,M,placebo,4,130,73,75
S05,S05-003,67,M,placebo,8,128,74,73
S05,S05-003,67,M,placebo,12,140,75,76
S05,S05-004,50,M,placebo,0,146,85,61
S05,S05-004,50,M,placebo,4,161,90,61
S05,S05-004,50,M,placebo,8,153,89,67
S05,S05-004,50,M,placebo,12,151,92,60
S05,S05-005,58,M,active,0,146,93,81
S05,S05-005,58,M,active,4,150,91,69
S05,S05-005,58,M,active,8,136,86,81
S05,S05-005,58,M,active,12,129,81,70
S05,S05-006,60,F,active,0,160,104,62
S05,S05-006,60,F,active,4,154,102,60
S05,S05-006,60,F,active,8,147,98,60
S05,S05-006,60,F,active,12,149,99,65
S05,S05-007,73,F,active,0,167,90,88
S05,S05-007,73,F,active,4,166,96,87
S05,S05-007,73,F,active,8,156,95,80
S05,S05-007,73,F,active,12,170,99,83
S05,S05-008,43,M,placebo,0,160,102,61
S05,S05-008,43,M,placebo,4,172,89,60
S05,S05-008,43,M,placebo,8,161,100,60
S05,S05-008,43,M,placebo,12,166,90,63
S05,S05-009,49,F,active,0,152,93,74
S05,S05-009,49,F,active,4,151,94,60
S05,S05-009,49,F,active,8,135,90,72
S05,S05-009,49,F,active,12,143,84,79
S05,S05-010,85,M,placebo,0,170,106,70
S05,S05-010,85,M,placebo,4,155,105,63
S05,S05-010,85,M,placebo,8,155,110,60
S05,S05-010,85,M,placebo,12,149,99,67
S05,S05-011,55,M,active,0,173,109,58
S05,S05-011,55,M,active,4,179,105,72
S05,S05-011,55,M,active,8,156,110,67
S05,S05-011,55,M,active,12,150,87,80
S05,S05-012,39,M,active,0,157,82,77
S05,S05-012,39,M,active,4,149,85,88
S05,S05-012,39,M,active,8,156,80,83
S05,S05-012,39,M,active,12,138,82,83
S05,S05-013,52,M,active,0,159,93,67
S05,S05-013,52,M,active,4,151,89,75
S05,S05-013,52,M,active,8,152,89,76
S05,S05-013,52,M,active,12,137,90,80
S05,S05-014,30,M,placebo,0,159,102,72
S05,S05-014,30,M,placebo,4,156,101,65
S05,S05-014,30,M,placebo,8,152,101,64
S05,S05-014,30,M,placebo,12,149,102,62
S05,S05-015,60,M,placebo,0,151,89,69
S05,S05-015,60,M,placebo,4,159,97,60
S05,S05-015,60,M,placebo,8,150,92,69
S05,S05-015,60,M,placebo,12,154,98,65
S05,S05-016,66,M,placebo,0,150,87,58
S05,S05-016,66,M,placebo,4,145,89,60
S05,S05-016,66,M,placebo,8,125,79,60
S05,S05-016,66,M,placebo,12,130,81,57
S05,S05-017,49,F,active,0,180,101,60
S05,S05-017,49,F,active,4,170,102,65
S05,S05-017,49,F,active,8,159,107,61
S05,S05-017,49,F,active,12,166,106,59
S05,S05-018,53,F,active,0,148,91,75
S05,S05-018,53,F,active,4,155,92,73
S05,S05-018,53,F,active,8,138,91,75
S05,S05-018,53,F,active,12,142,91,71
S05,S05-019,67,M,active,0,162,91,75
S05,S05-019,67,M,active,4,160,89,87
S05,S05-019,67,M,active,8,167,96,86
S05,S05-019,67,M,active,12,165,84,83
S05,S05-020,40,F,placebo,0,144,91,66
S05,S05-020,40,F,placebo,4,148,92,66
S05,S05-020,40,F,placebo,8,137,92,73
S05,S05-020,40,F,placebo,12,142,89,66
S05,S05-021,45,M,active,0,150,95,82
S05,S05-021,45,M,active,4,142,97,92
S05,S05-021,45,M,active,8,139,92,84
S05,S05-021,45,M,active,12,129,86,92
S05,S05-022,56,F,active,0,168,96,61
S05,S05-022,56,F,active,4,177,94,68
S05,S05-022,56,F,active,8,162,97,80
S05,S05-022,56,F,active,12,151,90,66
S05,S05-023,50,M,active,0,167,105,70
S05,S05-023,50,M,active,4,158,98,65
S05,S05-023,50,M,active,8,161,97,74
S05,S05-023,50,M,active,12,175,98,67
S05,S05-024,55,M,placebo,0,159,90,63
S05,S05-024,55,M,placebo,4,169,86,58
S05,S05-024,55,M,placebo,8,156,94,70
S05,S05-024,55,M,placebo,12,155,92,68
S05,S05-025,45,M,placebo,0,170,93,80
S05,S05-025,45,M,placebo,4,148,96,75
S05,S05-025,45,M,placebo,8,163,93,90
S05,S05-025,45,M,placebo,12,159,90,78
S05,S05-026,60,M,active,0,162,80,84
S05,S05-026,60,M,active,4,154,87,82
S05,S05-026,60,M,active,8,135,84,86
S05,S05-026,60,M,active,12,144,83,83
S05,S05-027,57,F,active,0,155,95,55
S05,S05-027,57,F,active,4,150,86,61
S05,S05-027,57,F,active,8,154,91,56
S05,S05-027,57,F,active,12,150,94,59
S05,S05-028,63,F,placebo,0,158,90,66
S05,S05-028,63,F,placebo,4,150,96,69
S05,S05-028,63,F,placebo,8,148,91,77
S05,S05-028,63,F,placebo,12,151,88,68
S05,S05-029,60,F,placebo,0,174,97,84
S05,S05-029,60,F,placebo,4,172,101,76
S05,S05-029,60,F,placebo,8,175,93,88
S05,S05-029,60,F,placebo,12,169,95,80
S05,S05-030,60,F,active,0,150,87,65
S05,S05-030,60,F,active,4,150,94,60
S05,S05-030,60,F,active,8,136,86,60
S05,S05-030,60,F,active,12,131,78,63
S05,S05-031,44,M,placebo,0,185,97,75
S05,S05-031,44,M,placebo,4,183,99,81
S05,S05-031,44,M,placebo,8,172,95,73
S05,S05-031,44,M,placebo,12,168,93,80
S05,S05-032,63,M,placebo,0,162,93,80
S05,S05-032,63,M,placebo,4,157,96,83
S05,S05-032,63,M,placebo,8,153,93,80
S05,S05-032,63,M,placebo,12,148,92,82
S05,S05-033,55,F,active,0,160,95,68
S05,S05-033,55,F,active,4,153,100,74
S05,S05-033,55,F,active,8,145,95,73
S05,S05-033,55,F,active,12,146,92,70
S05,S05-034,56,F,placebo,0,168,99,80
S05,S05-034,56,F,placebo,4,163,102,77
S05,S05-034,56,F,placebo,8,170,101,74
S05,S05-034,56,F,placebo,12,173,100,76
S05,S05-035,68,M,active,0,163,93,82
S05,S05-035,68,M,active,4,153,90,95
S05,S05-035,68,M,active,8,156,87,90
S05,S05-035,68,M,active,12,150,87,87
S05,S05-036,51,M,active,0,146,95,92
S05,S05-036,51,M,active,4,153,90,80
S05,S05-036,51,M,active,8,146,91,77
S05,S05-036,51,M,active,12,157,84,86
S05,S05-037,72,M,placebo,0,165,78,66
S05,S05-037,72,M,placebo,4,159,87,71
S05,S05-037,72,M,placebo,8,155,81,72
S05,S05-037,72,M,placebo,12,153,79,75
S05,S05-038,72,M,placebo,0,162,98,60
S05,S05-038,72,M,placebo,4,157,104,69
S05,S05-038,72,M,placebo,8,161,107,68
S05,S05-038,72,M,placebo,12,166,100,69
S05,S05-039,66,F,active,0,136,106,63
S05,S05-039,66,F,active,4,142,109,70
S05,S05-039,66,F,active,8,140,96,64
S05,S05-039,66,F,active,12,137,109,72
S05,S05-040,48,F,active,0,151,103,77
S05,S05-040,48,F,active,4,148,80,83
S05,S05-040,48,F,active,8,155,87,80
S05,S05-040,48,F,active,12,144,82,79
S05,S05-041,36,F,placebo,0,154,93,64
S05,S05-041,36,F,placebo,4,160,92,60
S05,S05-041,36,F,placebo,8,155,97,50
S05,S05-041,36,F,placebo,12,150,93,49
S05,S05-042,69,F,placebo,0,163,100,75
S05,S05-042,69,F,placebo,4,172,102,80
S05,S05-042,69,F,placebo,8,160,104,78
S05,S05-042,69,F,placebo,12,156,100,70
S05,S05-043,59,F,placebo,0,155,96,68
S05,S05-043,59,F,placebo,4,155,110,71
S05,S05-043,59,F,placebo,8,141,100,73
S05,S05-043,59,F,placebo,12,151,100,69
S05,S05-044,51,F,placebo,0,184,108,75
S05,S05-044,51,F,placebo,4,179,111,80
S05,S05-044,51,F,placebo,8,188,115,70
S05,S05-044,51,F,placebo,12,180,109,68
S05,S05-045,70,M,placebo,0,164,77,70
S05,S05-045,70,M,placebo,4,171,77,80
S05,S05-045,70,M,placebo,8,157,81,75
S05,S05-045,70,M,placebo,12,152,80,73
S06,S06-001,60,M,placebo,0,168,96,70
S06,S06-001,60,M,placebo,4,154,91,77
S06,S06-001,60,M,placebo,8,152,96,76
S06,S06-001,60,M,placebo,12,147,92,80
S06,S06-002,38,F,active,0,168,85,68
S06,S06-002,38,F,active,4,166,99,70
S06,S06-002,38,F,active,8,157,89,68
S06,S06-002,38,F,active,12,148,84,70
S06,S06-003,52,M,active,0,146,109,74
S06,S06-003,52,M,active,4,151,100,79
S06,S06-003,52,M,active,8,150,106,79
S06,S06-003,52,M,active,12,131,96,80
S06,S06-004,63,F,active,0,147,92,69
S06,S06-004,63,F,active,4,155,93,70
S06,S06-004,63,F,active,8,140,92,69
S06,S06-004,63,F,active,12,146,90,66
S06,S06-005,60,M,active,0,174,102,62
S06,S06-005,60,M,active,4,159,102,69
S06,S06-005,60,M,active,8,159,101,66
S06,S06-005,60,M,active,12,156,96,61
S06,S06-006,36,F,active,0,140,90,67
S06,S06-006,36,F,active,4,137,83,61
S06,S06-006,36,F,active,8,148,89,68
S06,S06-006,36,F,active,12,130,85,67
S06,S06-007,60,F,active,0,163,101,78
S06,S06-007,60,F,active,4,152,107,87
S06,S06-007,60,F,active,8,152,95,80
S06,S06-007,60,F,active,12,154,106,80
S06,S06-008,62,M,active,0,153,95,80
S06,S06-008,62,M,active,4,157,94,75
S06,S06-008,62,M,active,8,140,89,71
S06,S06-008,62,M,active,12,150,83,66
S06,S06-009,71,F,active,0,129,83,60
S06,S06-009,71,F,active,4,140,84,65
S06,S06-009,71,F,active,8,143,83,64
S06,S06-009,71,F,active,12,139,78,64
S06,S06-010,51,F,placebo,0,134,78,78
S06,S06-010,51,F,placebo,4,134,81,79
S06,S06-010,51,F,placebo,8,140,94,81
S06,S06-010,51,F,placebo,12,140,81,74
S06,S06-011,36,M,active,0,135,105,86
S06,S06-011,36,M,active,4,142,90,89
S06,S06-011,36,M,active,8,139,93,88
S06,S06-011,36,M,active,12,130,93,96
S06,S06-012,48,F,active,0,149,93,75
S06,S06-012,48,F,active,4,144,101,67
S06,S06-012,48,F,active,8,137,94,75
S06,S06-012,48,F,active,12,126,94,76
S06,S06-013,47,F,placebo,0,140,85,81
S06,S06-013,47,F,placebo,4,127,88,77
S06,S06-013,47,F,placebo,8,128,91,89
S06,S06-013,47,F,placebo,12,132,83,80
S06,S06-014,65,M,placebo,0,152,105,83
S06,S06-014,65,M,placebo,4,142,95,81
S06,S06-014,65,M,placebo,8,144,100,83
S06,S06-014,65,M,placebo,12,131,98,87
S06,S06-015,31,F,active,0,156,96,69
S06,S06-015,31,F,active,4,149,98,65
S06,S06-015,31,F,active,8,152,94,72
S06,S06-015,31,F,active,12,136,88,65
S06,S06-016,54,M,placebo,0,165,102,73
S06,S06-016,54,M,placebo,4,172,100,67
S06,S06-016,54,M,placebo,8,163,99,70
S06,S06-016,54,M,placebo,12,156,98,72
S06,S06-017,72,F,placebo,0,173,97,63
S06,S06-017,72,F,placebo,4,150,95,55
S06,S06-017,72,F,placebo,8,154,96,64
S06,S06-017,72,F,placebo,12,155,92,58
S06,S06-018,58,F,active,0,122,93,75
S06,S06-018,58,F,active,4,115,75,69
S06,S06-018,58,F,active,8,112,76,66
S06,S06-018,58,F,active,12,107,74,71
S06,S06-019,67,F,placebo,0,150,102,63
S06,S06-019,67,F,placebo,4,171,88,72
S06,S06-019,67,F,placebo,8,155,95,67
S06,S06-019,67,F,placebo,12,158,93,66
S06,S06-020,42,F,active,0,143,93,71
S06,S06-020,42,F,active,4,140,96,65
S06,S06-020,42,F,active,8,138,94,64
S06,S06-020,42,F,active,12,130,86,70
S06,S06-021,42,M,placebo,0,156,100,62
S06,S06-021,42,M,placebo,4,154,91,60
S06,S06-021,42,M,placebo,8,163,99,69
S06,S06-021,42,M,placebo,12,149,95,68
S06,S06-022,72,M,placebo,0,148,86,65
S06,S06-022,72,M,placebo,4,144,79,67
S06,S06-022,72,M,placebo,8,160,87,66
S06,S06-022,72,M,placebo,12,142,77,77
S06,S06-023,59,M,active,0,152,94,80
S06,S06-023,59,M,active,4,150,85,75
S06,S06-023,59,M,active,8,139,84,79
S06,S06-023,59,M,active,12,127,90,71
S06,S06-024,59,M,active,0,142,95,68
S06,S06-024,59,M,active,4,151,95,71
S06,S06-024,59,M,active,8,133,94,73
S06,S06-024,59,M,active,12,139,82,71
S06,S06-025,47,F,placebo,0,152,106,58
S06,S06-025,47,F,placebo,4,152,94,57
S06,S06-025,47,F,placebo,8,152,102,56
S06,S06-025,47,F,placebo,12,142,96,56
S06,S06-026,59,M,placebo,0,162,89,64
S06,S06-026,59,M,placebo,4,170,95,70
S06,S06-026,59,M,placebo,8,160,95,68
S06,S06-026,59,M,placebo,12,145,94,67
S06,S06-027,47,F,active,0,155,94,55
S06,S06-027,47,F,active,4,142,92,56
S06,S06-027,47,F,active,8,147,91,61
S06,S06-027,47,F,active,12,149,90,70
S06,S06-028,70,F,placebo,0,165,101,75
S06,S06-028,70,F,placebo,4,169,100,72
S06,S06-028,70,F,placebo,8,162,100,75
S06,S06-028,70,F,placebo,12,169,90,69
S06,S06-029,85,F,placebo,0,156,104,81
S06,S06-029,85,F,placebo,4,161,99,77
S06,S06-029,85,F,placebo,8,164,104,73
S06,S06-029,85,F,placebo,12,157,109,75
S06,S06-030,63,M,active,0,166,96,72
S06,S06-030,63,M,active,4,151,95,79
S06,S06-030,63,M,active,8,160,90,73
S06,S06-030,63,M,active,12,154,80,75
S06,S06-031,52,F,placebo,0,132,92,68
S06,S06-031,52,F,placebo,4,132,100,63
S06,S06-031,52,F,placebo,8,135,82,66
S06,S06-031,52,F,placebo,12,119,89,67
S06,S06-032,33,M,active,0,157,110,68
S06,S06-032,33,M,active,4,169,106,75
S06,S06-032,33,M,active,8,160,102,74
S06,S06-032,33,M,active,12,154,102,74
S06,S06-033,41,F,placebo,0,146,91,68
S06,S06-033,41,F,placebo,4,131,92,69
S06,S06-033,41,F,placebo,8,143,88,74
S06,S06-033,41,F,placebo,12,139,90,64
S06,S06-034,74,F,active,0,166,98,62
S06,S06-034,74,F,active,4,160,102,66
S06,S06-034,74,F,active,8,152,99,65
S06,S06-034,74,F,active,12,140,95,65
S06,S06-035,48,M,active,0,131,86,89
S06,S06-035,48,M,active,4,139,82,80
S06,S06-035,48,M,active,8,135,88,82
S06,S06-035,48,M,active,12,130,82,77
S06,S06-036,54,F,active,0,150,94,75
S06,S06-036,54,F,active,4,122,88,77
S06,S06-036,54,F,active,8,126,89,81
S06,S06-036,54,F,active,12,119,81,80
S06,S06-037,65,F,placebo,0,176,102,81
S06,S06-037,65,F,placebo,4,173,103,79
S06,S06-037,65,F,placebo,8,169,103,78
S06,S06-037,65,F,placebo,12,174,98,79
S06,S06-038,73,M,placebo,0,133,80,70
S06,S06-038,73,M,placebo,4,132,86,70
S06,S06-038,73,M,placebo,8,131,93,63
S06,S06-038,73,M,placebo,12,133,80,70
S06,S06-039,56,F,placebo,0,158,103,79
S06,S06-039,56,F,placebo,4,164,109,83
S06,S06-039,56,F,placebo,8,160,105,81
S06,S06-039,56,F,placebo,12,160,112,88
S06,S06-040,54,F,active,0,158,99,66
S06,S06-040,54,F,active,4,149,100,70
S06,S06-040,54,F,active,8,152,102,70
S06,S06-040,54,F,active,12,140,90,65
S06,S06-041,59,M,active,0,146,81,77
S06,S06-041,59,M,active,4,140,80,76
S06,S06-041,59,M,active,8,140,83,75
S06,S06-041,59,M,active,12,142,79,75
S06,S06-042,52,M,placebo,0,150,103,72
S06,S06-042,52,M,placebo,4,153,99,66
S06,S06-042,52,M,placebo,8,140,105,70
S06,S06-042,52,M,placebo,12,152,116,70
S06,S06-043,52,F,placebo,0,132,90,65
S06,S06-043,52,F,placebo,4,140,87,72
S06,S06-043,52,F,placebo,8,134,81,65
S06,S06-043,52,F,placebo,12,141,83,73
S06,S06-044,62,M,placebo,0,144,80,51
S06,S06-044,62,M,placebo,4,141,83,53
S06,S06-044,62,M,placebo,8,145,84,47
S06,S06-044,62,M,placebo,12,140,91,53
S06,S06-045,60,F,placebo,0,130,79,73
S06,S06-045,60,F,placebo,4,141,73,66
S06,S06-045,60,F,placebo,8,137,69,67
S06,S06-045,60,F,placebo,12,133,78,71
S06,S06-046,79,F,placebo,0,144,85,75
S06,S06-046,79,F,placebo,4,141,80,63
S06,S06-046,79,F,placebo,8,153,86,81
S06,S06-046,79,F,placebo,12,136,86,75
S06,S06-047,62,F,active,0,155,90,72
S06,S06-047,62,F,active,4,163,94,68
S06,S06-047,62,F,active,8,153,94,61
S06,S06-047,62,F,active,12,160,95,71
S06,S06-048,70,M,active,0,151,94,84
S06,S06-048,70,M,active,4,156,91,88
S06,S06-048,70,M,active,8,154,95,85
S06,S06-048,70,M,active,12,140,88,87
S06,S06-049,47,F,active,0,129,92,60
S06,S06-049,47,F,active,4,133,80,66
S06,S06-049,47,F,active,8,127,79,58
S06,S06-049,47,F,active,12,110,85,70
S06,S06-050,63,F,active,0,155,98,76
S06,S06-050,63,F,active,4,142,98,74
S06,S06-050,63,F,active,8,156,89,73
S06,S06-050,63,F,active,12,146,86,67
S06,S06-051,51,M,placebo,0,150,95,69
S06,S06-051,51,M,placebo,4,140,83,64
S06,S06-051,51,M,placebo,8,142,93,60
S06,S06-051,51,M,placebo,12,144,93,71
S06,S06-052,62,M,placebo,0,141,93,72
S06,S06-052,62,M,placebo,4,144,86,67
S06,S06-052,62,M,placebo,8,145,85,63
S06,S06-052,62,M,placebo,12,154,87,65
S06,S06-053,65,F,placebo,0,160,90,73
S06,S06-053,65,F,placebo,4,166,95,84
S06,S06-053,65,F,placebo,8,153,100,74
S06,S06-053,65,F,placebo,12,146,100,81
S07,S07-001,53,M,placebo,0,161,84,71
S07,S07-001,53,M,placebo,4,165,90,60
S07,S07-001,53,M,placebo,8,162,95,57
S07,S07-001,53,M,placebo,12,153,84,59
S07,S07-002,36,M,placebo,0,146,110,70
S07,S07-002,36,M,placebo,4,145,99,69
S07,S07-002,36,M,placebo,8,149,102,74
S07,S07-002,36,M,placebo,12,136,96,78
S07,S07-003,65,F,active,0,164,86,76
S07,S07-003,65,F,active,4,143,82,72
S07,S07-003,65,F,active,8,142,74,79
S07,S07-003,65,F,active,12,130,88,69
S07,S07-004,46,M,placebo,0,158,88,60
S07,S07-004,46,M,placebo,4,159,90,71
S07,S07-004,46,M,placebo,8,157,92,59
S07,S07-004,46,M,placebo,12,159,95,64
S07,S07-005,59,F,active,0,143,96,70
S07,S07-005,59,F,active,4,149,85,68
S07,S07-005,59,F,active,8,137,88,67
S07,S07-005,59,F,active,12,133,78,64
S07,S07-006,50,F,placebo,0,129,82,71
S07,S07-006,50,F,placebo,4,136,71,75
S07,S07-006,50,F,placebo,8,130,74,71
S07,S07-006,50,F,placebo,12,126,76,67
S07,S07-007,54,F,placebo,0,131,90,61
S07,S07-007,54,F,placebo,4,132,90,63
S07,S07-007,54,F,placebo,8,130,93,67
S07,S07-007,54,F,placebo,12,145,89,67
S07,S07-008,70,F,placebo,0,159,97,69
S07,S07-008,70,F,placebo,4,149,89,63
S07,S07-008,70,F,placebo,8,150,101,70
S07,S07-008,70,F,placebo,12,148,90,68
S07,S07-009,63,M,placebo,0,128,91,73
S07,S07-009,63,M,placebo,4,136,92,67
S07,S07-009,63,M,placebo,8,131,86,66
S07,S07-009,63,M,placebo,12,145,88,70
S07,S07-010,69,M,placebo,0,159,77,77
S07,S07-010,69,M,placebo,4,158,88,70
S07,S07-010,69,M,placebo,8,153,92,68
S07,S07-010,69,M,placebo,12,145,91,69
S07,S07-011,61,M,placebo,0,142,85,78
S07,S07-011,61,M,placebo,4,136,88,80
S07,S07-011,61,M,placebo,8,146,78,75
S07,S07-011,61,M,placebo,12,138,90,92
S07,S07-012,62,M,placebo,0,177,95,81
S07,S07-012,62,M,placebo,4,174,106,77
S07,S07-012,62,M,placebo,8,182,106,76
S07,S07-012,62,M,placebo,12,162,98,69
S07,S07-013,40,F,active,0,192,114,68
S07,S07-013,40,F,active,4,179,110,76
S07,S07-013,40,F,active,8,170,111,69
S07,S07-013,40,F,active,12,172,105,67
S07,S07-014,55,M,active,0,133,91,66
S07,S07-014,55,M,active,4,143,80,80
S07,S07-014,55,M,active,8,130,77,73
S07,S07-014,55,M,active,12,134,82,66
S07,S07-015,56,F,placebo,0,165,91,60
S07,S07-015,56,F,placebo,4,153,92,59
S07,S07-015,56,F,placebo,8,154,87,63
S07,S07-015,56,F,placebo,12,146,97,65
S07,S07-016,70,M,placebo,0,141,82,66
S07,S07-016,70,M,placebo,4,158,82,72
S07,S07-016,70,M,placebo,8,147,81,69
S07,S07-016,70,M,placebo,12,139,84,73
S07,S07-017,53,F,active,0,148,95,68
S07,S07-017,53,F,active,4,147,92,82
S07,S07-017,53,F,active,8,143,90,70
S07,S07-017,53,F,active,12,136,77,66
S07,S07-018,61,F,placebo,0,180,91,58
S07,S07-018,61,F,placebo,4,170,98,61
S07,S07-018,61,F,placebo,8,169,96,55
S07,S07-018,61,F,placebo,12,176,99,63
S07,S07-019,60,F,placebo,0,143,86,67
S07,S07-019,60,F,placebo,4,153,87,76
S07,S07-019,60,F,placebo,8,147,79,70
S07,S07-019,60,F,placebo,12,135,84,74
S07,S07-020,70,M,active,0,153,91,70
S07,S07-020,70,M,active,4,137,95,77
S07,S07-020,70,M,active,8,147,83,64
S07,S07-020,70,M,active,12,136,89,67
S07,S07-021,57,M,active,0,155,75,66
S07,S07-021,57,M,active,4,140,76,66
S07,S07-021,57,M,active,8,127,79,66
S07,S07-021,57,M,active,12,116,73,72
S07,S07-022,66,M,active,0,165,102,65
S07,S07-022,66,M,active,4,158,103,76
S07,S07-022,66,M,active,8,172,97,69
S07,S07-022,66,M,active,12,157,94,63
S07,S07-023,41,F,active,0,122,79,94
S07,S07-023,41,F,active,4,111,79,92
S07,S07-023,41,F,active,8,109,76,99
S07,S07-023,41,F,active,12,107,75,89
S07,S07-024,42,F,placebo,0,157,92,61
S07,S07-024,42,F,placebo,4,151,91,64
S07,S07-024,42,F,placebo,8,141,87,69
S07,S07-024,42,F,placebo,12,156,89,72
S07,S07-025,35,M,placebo,0,153,84,61
S07,S07-025,35,M,placebo,4,150,85,58
S07,S07-025,35,M,placebo,8,135,88,55
S07,S07-025,35,M,placebo,12,154,87,59
S07,S07-026,66,M,placebo,0,148,108,55
S07,S07-026,66,M,placebo,4,147,89,52
S07,S07-026,66,M,placebo,8,143,94,61
S07,S07-026,66,M,placebo,12,141,88,55
S07,S07-027,65,F,active,0,163,98,78
S07,S07-027,65,F,active,4,165,96,79
S07,S07-027,65,F,active,8,162,99,80
S07,S07-027,65,F,active,12,153,90,82
S07,S07-028,67,M,active,0,175,97,86
S07,S07-028,67,M,active,4,166,94,83
S07,S07-028,67,M,active,8,160,88,81
S07,S07-028,67,M,active,12,160,89,83
S07,S07-029,51,F,active,0,130,87,64
S07,S07-029,51,F,active,4,136,86,66
S07,S07-029,51,F,active,8,121,86,77
S07,S07-029,51,F,active,12,121,81,70
S07,S07-030,52,M,active,0,168,97,84
S07,S07-030,52,M,active,4,177,89,79
S07,S07-030,52,M,active,8,185,97,86
S07,S07-030,52,M,active,12,171,90,85
S07,S07-031,57,M,active,0,142,82,81
S07,S07-031,57,M,active,4,151,83,79
S07,S07-031,57,M,active,8,137,76,82
S07,S07-031,57,M,active,12,128,72,83
S07,S07-032,72,M,placebo,0,167,96,72
S07,S07-032,72,M,placebo,4,169,97,70
S07,S07-032,72,M,placebo,8,164,94,74
S07,S07-032,72,M,placebo,12,163,92,67
S07,S07-033,75,F,active,0,163,100,67
S07,S07-033,75,F,active,4,158,97,70
S07,S07-033,75,F,active,8,137,90,63
S07,S07-033,75,F,active,12,137,82,73
S07,S07-034,66,M,active,0,150,90,70
S07,S07-034,66,M,active,4,151,88,70
S07,S07-034,66,M,active,8,152,91,73
S07,S07-034,66,M,active,12,160,90,74
S07,S07-035,61,F,placebo,0,150,90,78
S07,S07-035,61,F,placebo,4,146,98,79
S07,S07-035,61,F,placebo,8,151,99,79
S07,S07-035,61,F,placebo,12,142,98,77
S07,S07-036,71,F,placebo,0,154,91,72
S07,S07-036,71,F,placebo,4,151,81,80
S07,S07-036,71,F,placebo,8,136,94,67
S07,S07-036,71,F,placebo,12,150,89,74
S07,S07-037,55,M,placebo,0,157,94,65
S07,S07-037,55,M,placebo,4,160,95,68
S07,S07-037,55,M,placebo,8,155,98,61
S07,S07-037,55,M,placebo,12,146,99,65
S07,S07-038,54,F,active,0,143,88,70
S07,S07-038,54,F,active,4,128,91,75
S07,S07-038,54,F,active,8,130,78,70
S07,S07-038,54,F,active,12,138,79,66
S07,S07-039,57,F,active,0,151,81,86
S07,S07-039,57,F,active,4,155,84,91
S07,S07-039,57,F,active,8,135,92,83
S07,S07-039,57,F,active,12,142,92,88
S07,S07-040,48,M,active,0,140,94,74
S07,S07-040,48,M,active,4,148,88,72
S07,S07-040,48,M,active,8,142,87,85
S07,S07-040,48,M,active,12,138,87,72
S07,S07-041,56,F,placebo,0,150,82,81
S07,S07-041,56,F,placebo,4,137,85,76
S07,S07-041,56,F,placebo,8,146,92,81
S07,S07-041,56,F,placebo,12,130,82,82
S07,S07-042,47,F,active,0,139,84,74
S07,S07-042,47,F,active,4,146,85,76
S07,S07-042,47,F,active,8,128,84,73
S07,S07-042,47,F,active,12,137,78,72
S07,S07-043,68,F,placebo,0,142,89,78
S07,S07-043,68,F,placebo,4,147,91,72
S07,S07-043,68,F,placebo,8,139,96,65
S07,S07-043,68,F,placebo,12,138,87,81
S07,S07-044,63,M,active,0,153,92,70
S07,S07-044,63,M,active,4,144,97,72
S07,S07-044,63,M,active,8,141,87,79
S07,S07-044,63,M,active,12,145,82,72
S07,S07-045,72,F,placebo,0,160,98,79
S07,S07-045,72,F,placebo,4,157,100,74
S07,S07-045,72,F,placebo,8,157,97,73
S07,S07-045,72,F,placebo,12,166,94,79
S07,S07-046,42,F,active,0,154,88,79
S07,S07-046,42,F,active,4,149,91,79
S07,S07-046,42,F,active,8,137,93,76
S07,S07-046,42,F,active,12,143,81,78
S07,S07-047,77,M,active,0,180,98,67
S07,S07-047,77,M,active,4,180,95,76
S07,S07-047,77,M,active,8,171,91,75
S07,S07-047,77,M,active,12,172,93,82
S07,S07-048,42,F,placebo,0,133,85,66
S07,S07-048,42,F,placebo,4,134,84,63
S07,S07-048,42,F,placebo,8,132,78,66
S07,S07-048,42,F,placebo,12,134,75,65
S07,S07-049,46,F,placebo,0,160,95,77
S07,S07-049,46,F,placebo,4,151,90,75
S07,S07-049,46,F,placebo,8,161,99,70
S07,S07-049,46,F,placebo,12,160,98,69
S07,S07-050,52,M,active,0,165,98,73
S07,S07-050,52,M,active,4,160,84,77
S07,S07-050,52,M,active,8,161,88,72
S07,S07-050,52,M,active,12,149,88,75
S07,S07-051,71,M,active,0,167,100,74
S07,S07-051,71,M,active,4,151,94,71
S07,S07-051,71,M,active,8,160,100,66
S07,S07-051,71,M,active,12,145,89,70
S07,S07-052,60,F,placebo,0,165,103,98
S07,S07-052,60,F,placebo,4,163,96,96
S07,S07-052,60,F,placebo,8,165,104,96
S07,S07-052,60,F,placebo,12,160,100,92
S07,S07-053,56,M,active,0,159,97,59
S07,S07-053,56,M,active,4,132,93,59
S07,S07-053,56,M,active,8,144,90,59
S07,S07-053,56,M,active,12,145,86,64
S07,S07-054,50,F,active,0,169,96,70
S07,S07-054,50,F,active,4,156,89,80
S07,S07-054,50,F,active,8,157,81,79
S07,S07-054,50,F,active,12,142,86,74
S07,S07-055,44,F,active,0,146,85,68
S07,S07-055,44,F,active,4,146,81,62
S07,S07-055,44,F,active,8,139,80,64
S07,S07-055,44,F,active,12,131,83,72
S07,S07-056,69,M,placebo,0,160,101,77
S07,S07-056,69,M,placebo,4,154,92,75
S07,S07-056,69,M,placebo,8,162,98,75
S07,S07-056,69,M,placebo,12,157,103,72
S07,S07-057,66,F,active,0,131,71,101
S07,S07-057,66,F,active,4,125,70,96
S07,S07-057,66,F,active,8,127,72,90
S07,S07-057,66,F,active,12,124,68,87
S07,S07-058,72,F,placebo,0,158,107,67
S07,S07-058,72,F,placebo,4,156,92,60
S07,S07-058,72,F,placebo,8,168,109,59
S07,S07-058,72,F,placebo,12,153,104,66
S07,S07-059,62,F,placebo,0,158,95,65
S07,S07-059,62,F,placebo,4,164,82,68
S07,S07-059,62,F,placebo,8,162,77,68
S07,S07-059,62,F,placebo,12,156,84,64
S07,S07-060,32,M,placebo,0,154,84,74
S07,S07-060,32,M,placebo,4,161,87,70
S07,S07-060,32,M,placebo,8,132,88,70
S07,S07-060,32,M,placebo,12,141,82,70
S07,S07-061,46,F,placebo,0,158,90,70
S07,S07-061,46,F,placebo,4,149,92,60
S07,S07-061,46,F,placebo,8,157,88,71
S07,S07-061,46,F,placebo,12,147,87,70
S07,S07-062,63,M,active,0,154,109,76
S07,S07-062,63,M,active,4,150,108,67
S07,S07-062,63,M,active,8,145,106,83
S07,S07-062,63,M,active,12,142,100,78
S07,S07-063,54,F,placebo,0,173,102,64
S07,S07-063,54,F,placebo,4,165,110,65
S07,S07-063,54,F,placebo,8,174,106,66
S07,S07-063,54,F,placebo,12,171,108,73
S07,S07-064,52,M,active,0,201,113,78
S07,S07-064,52,M,active,4,183,110,80
S07,S07-064,52,M,active,8,175,107,79
S07,S07-064,52,M,active,12,181,103,80
S07,S07-065,47,M,placebo,0,187,108,60
S07,S07-065,47,M,placebo,4,176,99,60
S07,S07-065,47,M,placebo,8,164,102,65
S07,S07-065,47,M,placebo,12,169,105,65
S07,S07-066,67,M,placebo,0,153,86,56
S07,S07-066,67,M,placebo,4,138,80,58
S07,S07-066,67,M,placebo,8,152,82,60
S07,S07-066,67,M,placebo,12,141,82,56
S07,S07-067,63,F,active,0,162,105,66
S07,S07-067,63,F,active,4,159,98,67
S07,S07-067,63,F,active,8,161,87,69
S07,S07-067,63,F,active,12,146,90,73
S07,S07-068,63,M,active,0,153,99,64
S07,S07-068,63,M,active,4,161,91,54
S07,S07-068,63,M,active,8,143,98,60
S07,S07-068,63,M,active,12,150,89,58
S07,S07-069,52,F,active,0,151,90,90
S07,S07-069,52,F,active,4,142,87,80
S07,S07-069,52,F,active,8,140,79,82
S07,S07-069,52,F,active,12,132,77,78
S07,S07-070,60,M,placebo,0,155,93,62
S07,S07-070,60,M,placebo,4,136,82,59
S07,S07-070,60,M,placebo,8,140,87,57
S07,S07-070,60,M,placebo,12,134,91,59
S07,S07-071,45,M,placebo,0,160,93,68
S07,S07-071,45,M,placebo,4,150,97,60
S07,S07-071,45,M,placebo,8,161,84,60
S07,S07-071,45,M,placebo,12,146,83,69
S07,S07-072,57,F,active,0,173,107,76
S07,S07-072,57,F,active,4,167,106,78
S07,S07-072,57,F,active,8,161,101,77
S07,S07-072,57,F,active,12,162,100,75
S07,S07-073,33,M,active,0,138,80,66
S07,S07-073,33,M,active,4,135,71,70
S07,S07-073,33,M,active,8,128,70,70
S07,S07-073,33,M,active,12,121,71,72
S07,S07-074,42,F,active,0,145,95,55
S07,S07-074,42,F,active,4,131,84,65
S07,S07-074,42,F,active,8,141,85,60
S07,S07-074,42,F,active,12,124,81,57
S07,S07-075,55,F,active,0,161,95,88
S07,S07-075,55,F,active,4,160,90,92
S07,S07-075,55,F,active,8,155,85,90
S07,S07-075,55,F,active,12,134,88,87
S07,S07-076,82,F,placebo,0,155,91,67
S07,S07-076,82,F,placebo,4,158,91,65
S07,S07-076,82,F,placebo,8,154,90,62
S07,S07-076,82,F,placebo,12,161,89,61
S07,S07-077,40,F,active,0,167,106,72
S07,S07-077,40,F,active,4,157,104,70
S07,S07-077,40,F,active,8,171,103,65
S07,S07-077,40,F,active,12,160,101,74
S08,S08-001,39,F,active,0,153,88,56
S08,S08-001,39,F,active,4,152,95,60
S08,S08-001,39,F,active,8,142,90,60
S08,S08-001,39,F,active,12,157,93,62
S08,S08-002,44,M,active,0,140,96,67
S08,S08-002,44,M,active,4,141,90,70
S08,S08-002,44,M,active,8,133,84,70
S08,S08-002,44,M,active,12,131,85,71
S08,S08-003,53,M,active,0,171,94,64
S08,S08-003,53,M,active,4,176,95,61
S08,S08-003,53,M,active,8,160,96,63
S08,S08-003,53,M,active,12,165,92,63
S08,S08-004,57,F,placebo,0,176,108,66
S08,S08-004,57,F,placebo,4,166,113,80
S08,S08-004,57,F,placebo,8,173,123,77
S08,S08-004,57,F,placebo,12,167,118,78
S08,S08-005,52,F,active,0,153,81,64
S08,S08-005,52,F,active,4,150,91,67
S08,S08-005,52,F,active,8,133,90,60
S08,S08-005,52,F,active,12,142,85,72
S08,S08-006,62,F,placebo,0,143,94,61
S08,S08-006,62,F,placebo,4,140,93,63
S08,S08-006,62,F,placebo,8,149,96,69
S08,S08-006,62,F,placebo,12,140,88,64
S08,S08-007,52,M,placebo,0,172,111,62
S08,S08-007,52,M,placebo,4,172,105,70
S08,S08-007,52,M,placebo,8,170,101,70
S08,S08-007,52,M,placebo,12,162,109,69
S08,S08-008,49,F,placebo,0,158,87,77
S08,S08-008,49,F,placebo,4,151,90,73
S08,S08-008,49,F,placebo,8,154,90,70
S08,S08-008,49,F,placebo,12,143,100,72
S08,S08-009,64,M,placebo,0,153,93,73
S08,S08-009,64,M,placebo,4,159,86,70
S08,S08-009,64,M,placebo,8,156,91,71
S08,S08-009,64,M,placebo,12,144,94,75
S08,S08-010,72,F,active,0,156,100,80
S08,S08-010,72,F,active,4,151,105,75
S08,S08-010,72,F,active,8,150,100,81
S08,S08-010,72,F,active,12,144,94,71
S08,S08-011,47,M,active,0,151,86,66
S08,S08-011,47,M,active,4,152,94,76
S08,S08-011,47,M,active,8,139,83,70
S08,S08-011,47,M,active,12,139,80,72
S08,S08-012,60,M,active,0,142,91,64
S08,S08-012,60,M,active,4,145,80,68
S08,S08-012,60,M,active,8,131,86,65
S08,S08-012,60,M,active,12,126,84,70
S08,S08-013,39,F,active,0,153,92,60
S08,S08-013,39,F,active,4,148,86,64
S08,S08-013,39,F,active,8,155,80,69
S08,S08-013,39,F,active,12,148,77,66
S08,S08-014,43,F,active,0,153,104,60
S08,S08-014,43,F,active,4,156,101,69
S08,S08-014,43,F,active,8,151,96,67
S08,S08-014,43,F,active,12,128,93,66
S08,S08-015,52,F,placebo,0,179,110,69
S08,S08-015,52,F,placebo,4,176,114,70
S08,S08-015,52,F,placebo,8,170,105,66
S08,S08-015,52,F,placebo,12,174,108,68
S08,S08-016,69,F,active,0,152,106,93
S08,S08-016,69,F,active,4,167,97,86
S08,S08-016,69,F,active,8,156,97,84
S08,S08-016,69,F,active,12,143,90,88
S08,S08-017,50,M,placebo,0,143,78,57
S08,S08-017,50,M,placebo,4,135,83,54
S08,S08-017,50,M,placebo,8,140,83,60
S08,S08-017,50,M,placebo,12,141,80,67
S08,S08-018,50,M,placebo,0,154,90,68
S08,S08-018,50,M,placebo,4,165,94,69
S08,S08-018,50,M,placebo,8,170,99,60
S08,S08-018,50,M,placebo,12,157,101,70
S08,S08-019,58,M,placebo,0,155,109,73
S08,S08-019,58,M,placebo,4,158,98,70
S08,S08-019,58,M,placebo,8,154,104,74
S08,S08-019,58,M,placebo,12,147,100,73
S08,S08-020,58,M,active,0,165,124,65
S08,S08-020,58,M,active,4,162,117,71
S08,S08-020,58,M,active,8,160,110,74
S08,S08-020,58,M,active,12,153,112,69
S08,S08-021,50,F,placebo,0,148,101,77
S08,S08-021,50,F,placebo,4,136,99,80
S08,S08-021,50,F,placebo,8,148,98,84
S08,S08-021,50,F,placebo,12,143,97,76
S08,S08-022,78,F,placebo,0,171,103,72
S08,S08-022,78,F,placebo,4,151,100,67
S08,S08-022,78,F,placebo,8,154,98,71
S08,S08-022,78,F,placebo,12,167,99,67
S08,S08-023,55,M,active,0,153,104,68
S08,S08-023,55,M,active,4,147,95,76
S08,S08-023,55,M,active,8,137,92,64
S08,S08-023,55,M,active,12,147,89,72
S08,S08-024,59,F,active,0,150,90,85
S08,S08-024,59,F,active,4,153,87,81
S08,S08-024,59,F,active,8,143,90,70
S08,S08-024,59,F,active,12,141,82,73
S08,S08-025,54,F,active,0,134,100,83
S08,S08-025,54,F,active,4,146,89,87
S08,S08-025,54,F,active,8,131,90,87
S08,S08-025,54,F,active,12,121,89,81
S08,S08-026,62,F,active,0,168,92,80
S08,S08-026,62,F,active,4,150,82,80
S08,S08-026,62,F,active,8,152,89,80
S08,S08-026,62,F,active,12,150,84,91
S08,S08-027,70,M,placebo,0,160,87,67
S08,S08-027,70,M,placebo,4,144,94,67
S08,S08-027,70,M,placebo,8,159,84,66
S08,S08-027,70,M,placebo,12,153,90,73
S08,S08-028,75,M,placebo,0,167,95,71
S08,S08-028,75,M,placebo,4,168,86,68
S08,S08-028,75,M,placebo,8,160,96,70
S08,S08-028,75,M,placebo,12,169,93,70
S08,S08-029,50,F,placebo,0,145,98,74
S08,S08-029,50,F,placebo,4,150,96,83
S08,S08-029,50,F,placebo,8,152,98,75
S08,S08-029,50,F,placebo,12,157,96,72
S08,S08-030,69,M,placebo,0,143,85,71
S08,S08-030,69,M,placebo,4,155,97,68
S08,S08-030,69,M,placebo,8,150,90,76
S08,S08-030,69,M,placebo,12,140,87,76
S08,S08-031,63,F,active,0,156,95,63
S08,S08-031,63,F,active,4,152,101,70
S08,S08-031,63,F,active,8,159,92,65
S08,S08-031,63,F,active,12,151,96,68
S08,S08-032,68,M,placebo,0,151,88,81
S08,S08-032,68,M,placebo,4,138,88,79
S08,S08-032,68,M,placebo,8,135,85,76
S08,S08-032,68,M,placebo,12,140,86,79
S08,S08-033,57,F,active,0,162,95,77
S08,S08-033,57,F,active,4,161,93,72
S08,S08-033,57,F,active,8,162,86,75
S08,S08-033,57,F,active,12,152,86,69
S08,S08-034,56,M,active,0,170,101,75
S08,S08-034,56,M,active,4,164,89,73
S08,S08-034,56,M,active,8,150,94,67
S08,S08-034,56,M,active,12,159,88,71
S08,S08-035,67,F,placebo,0,170,94,66
S08,S08-035,67,F,placebo,4,173,99,57
S08,S08-035,67,F,placebo,8,171,96,58
S08,S08-035,67,F,placebo,12,166,93,62
S08,S08-036,68,M,active,0,164,95,80
S08,S08-036,68,M,active,4,153,92,70
S08,S08-036,68,M,active,8,153,78,74
S08,S08-036,68,M,active,12,146,78,74
S08,S08-037,74,F,active,0,150,92,54
S08,S08-037,74,F,active,4,139,85,57
S08,S08-037,74,F,active,8,144,88,55
S08,S08-037,74,F,active,12,140,81,55
S08,S08-038,60,F,active,0,160,91,61
S08,S08-038,60,F,active,4,161,84,67
S08,S08-038,60,F,active,8,139,89,71
S08,S08-038,60,F,active,12,137,80,68
S08,S08-039,57,F,placebo,0,156,105,72
S08,S08-039,57,F,placebo,4,157,101,70
S08,S08-039,57,F,placebo,8,155,96,67
S08,S08-039,57,F,placebo,12,145,102,65
S08,S08-040,33,F,placebo,0,153,104,72
S08,S08-040,33,F,placebo,4,159,94,68
S08,S08-040,33,F,placebo,8,152,97,73
S08,S08-040,33,F,placebo,12,150,92,75
S08,S08-041,42,F,active,0,171,96,94
S08,S08-041,42,F,active,4,159,87,89
S08,S08-041,42,F,active,8,159,89,84
S08,S08-041,42,F,active,12,166,86,81
S08,S08-042,54,F,active,0,158,104,76
S08,S08-042,54,F,active,4,154,87,80
S08,S08-042,54,F,active,8,159,91,76
S08,S08-042,54,F,active,12,156,95,79
S08,S08-043,47,M,placebo,0,137,98,83
S08,S08-043,47,M,placebo,4,140,98,86
S08,S08-043,47,M,placebo,8,137,95,77
S08,S08-043,47,M,placebo,12,140,94,90
S08,S08-044,66,M,placebo,0,182,93,73
S08,S08-044,66,M,placebo,4,169,97,80
S08,S08-044,66,M,placebo,8,179,94,76
S08,S08-044,66,M,placebo,12,171,98,77
S08,S08-045,45,M,placebo,0,168,95,80
S08,S08-045,45,M,placebo,4,160,95,82
S08,S08-045,45,M,placebo,8,151,94,83
S08,S08-045,45,M,placebo,12,153,95,85
S08,S08-046,53,F,placebo,0,138,88,92
S08,S08-046,53,F,placebo,4,130,85,88
S08,S08-046,53,F,placebo,8,137,89,94
S08,S08-046,53,F,placebo,12,136,92,87
S08,S08-047,53,M,placebo,0,134,100,70
S08,S08-047,53,M,placebo,4,142,93,68
S08,S08-047,53,M,placebo,8,129,95,64
S08,S08-047,53,M,placebo,12,139,87,67
S08,S08-048,70,M,placebo,0,173,104,68
S08,S08-048,70,M,placebo,4,170,102,65
S08,S08-048,70,M,placebo,8,165,99,67
S08,S08-048,70,M,placebo,12,165,99,69
S08,S08-049,52,F,active,0,170,101,77
S08,S08-049,52,F,active,4,171,104,66
S08,S08-049,52,F,active,8,167,102,84
S08,S08-049,52,F,active,12,160,92,80
S08,S08-050,63,F,active,0,170,100,69
S08,S08-050,63,F,active,4,165,98,67
S08,S08-050,63,F,active,8,160,102,71
S08,S08-050,63,F,active,12,173,98,70
S08,S08-051,60,F,placebo,0,168,103,71
S08,S08-051,60,F,placebo,4,167,104,71
S08,S08-051,60,F,placebo,8,165,100,76
S08,S08-051,60,F,placebo,12,161,107,82
S08,S08-052,67,M,placebo,0,172,101,73
S08,S08-052,67,M,placebo,4,163,97,75
S08,S08-052,67,M,placebo,8,163,99,69
S08,S08-052,67,M,placebo,12,162,105,70
S08,S08-053,67,M,active,0,154,90,70
S08,S08-053,67,M,active,4,147,94,65
S08,S08-053,67,M,active,8,152,86,66
S08,S08-053,67,M,active,12,158,84,71
S08,S08-054,58,F,active,0,158,106,89
S08,S08-054,58,F,active,4,165,99,85
S08,S08-054,58,F,active,8,159,104,80
S08,S08-054,58,F,active,12,156,102,84
S08,S08-055,41,M,placebo,0,171,100,57
S08,S08-055,41,M,placebo,4,158,103,60
S08,S08-055,41,M,placebo,8,158,100,60
S08,S08-055,41,M,placebo,12,157,103,62
S08,S08-056,56,M,placebo,0,171,101,78
S08,S08-056,56,M,placebo,4,161,92,79
S08,S08-056,56,M,placebo,8,156,95,79
S08,S08-056,56,M,placebo,12,163,92,73
S08,S08-057,58,M,active,0,139,90,75
S08,S08-057,58,M,active,4,144,87,78
S08,S08-057,58,M,active,8,140,82,83
S08,S08-057,58,M,active,12,133,85,75
S08,S08-058,61,M,active,0,165,97,62
S08,S08-058,61,M,active,4,147,91,63
S08,S08-058,61,M,active,8,151,95,59
S08,S08-058,61,M,active,12,141,88,64
S08,S08-059,51,M,active,0,188,96,70
S08,S08-059,51,M,active,4,168,100,71
S08,S08-059,51,M,active,8,160,85,67
S08,S08-059,51,M,active,12,151,96,75
S08,S08-060,69,F,placebo,0,159,81,64
S08,S08-060,69,F,placebo,4,150,85,75
S08,S08-060,69,F,placebo,8,143,81,70
S08,S08-060,69,F,placebo,12,149,79,72
S08,S08-061,58,M,placebo,0,153,95,75
S08,S08-061,58,M,placebo,4,152,97,80
S08,S08-061,58,M,placebo,8,147,88,82
S08,S08-061,58,M,placebo,12,146,89,70
S08,S08-062,49,F,placebo,0,160,96,68
S08,S08-062,49,F,placebo,4,160,102,60
S08,S08-062,49,F,placebo,8,159,86,68
S08,S08-062,49,F,placebo,12,162,95,66
S08,S08-063,53,M,placebo,0,146,81,70
S08,S08-063,53,M,placebo,4,139,74,83
S08,S08-063,53,M,placebo,8,142,81,78
S08,S08-063,53,M,placebo,12,145,89,66
S08,S08-064,77,F,placebo,0,127,86,63
S08,S08-064,77,F,placebo,4,125,91,64
S08,S08-064,77,F,placebo,8,140,92,59
S08,S08-064,77,F,placebo,12,142,87,61
S08,S08-065,65,F,active,0,159,107,92
S08,S08-065,65,F,active,4,163,98,85
S08,S08-065,65,F,active,8,156,99,86
S08,S08-065,65,F,active,12,153,103,91
S08,S08-066,68,M,active,0,150,97,73
S08,S08-066,68,M,active,4,133,94,70
S08,S08-066,68,M,active,8,127,89,69
S08,S08-066,68,M,active,12,124,93,72
S08,S08-067,48,M,placebo,0,153,93,80
S08,S08-067,48,M,placebo,4,145,100,76
S08,S08-067,48,M,placebo,8,155,93,82
S08,S08-067,48,M,placebo,12,146,99,73
S08,S08-068,51,M,placebo,0,143,78,68
S08,S08-068,51,M,placebo,4,147,83,66
S08,S08-068,51,M,placebo,8,143,80,70
S08,S08-068,51,M,placebo,12,148,82,65
S08,S08-069,51,M,active,0,163,110,74
S08,S08-069,51,M,active,4,156,104,60
S08,S08-069,51,M,active,8,158,105,74
S08,S08-069,51,M,active,12,156,95,67
S08,S08-070,60,M,active,0,156,100,90
S08,S08-070,60,M,active,4,152,99,93
S08,S08-070,60,M,active,8,158,97,91
S08,S08-070,60,M,active,12,150,94,84
S08,S08-071,56,M,placebo,0,142,92,59
S08,S08-071,56,M,placebo,4,155,100,64
S08,S08-071,56,M,placebo,8,144,93,53
S08,S08-071,56,M,placebo,12,153,99,65
S08,S08-072,53,M,placebo,0,139,100,76
S08,S08-072,53,M,placebo,4,140,101,72
S08,S08-072,53,M,placebo,8,136,100,71
S08,S08-072,53,M,placebo,12,120,94,73
S08,S08-073,54,F,active,0,142,90,54
S08,S08-073,54,F,active,4,146,95,61
S08,S08-073,54,F,active,8,146,87,61
S08,S08-073,54,F,active,12,130,88,58
S08,S08-074,50,M,active,0,160,86,72
S08,S08-074,50,M,active,4,149,82,68
S08,S08-074,50,M,active,8,150,79,66
S08,S08-074,50,M,active,12,147,78,67
S08,S08-075,56,F,placebo,0,160,94,68
S08,S08-075,56,F,placebo,4,160,84,67
S08,S08-075,56,F,placebo,8,155,90,64
S08,S08-075,56,F,placebo,12,155,87,67
S08,S08-076,69,M,active,0,152,96,64
S08,S08-076,69,M,active,4,167,101,60
S08,S08-076,69,M,active,8,138,90,63
S08,S08-076,69,M,active,12,138,84,66
S08,S08-077,43,F,active,0,161,99,75
S08,S08-077,43,F,active,4,155,88,71
S08,S08-077,43,F,active,8,149,83,75
S08,S08-077,43,F,active,12,145,91,68
S08,S08-078,61,F,active,0,150,94,48
S08,S08-078,61,F,active,4,167,92,50
S08,S08-078,61,F,active,8,152,86,57
S08,S08-078,61,F,active,12,156,80,52
S09,S09-001,54,F,placebo,0,142,93,85
S09,S09-001,54,F,placebo,4,136,90,72
S09,S09-001,54,F,placebo,8,150,88,82
S09,S09-001,54,F,placebo,12,145,92,88
S09,S09-002,48,F,placebo,0,174,112,80
S09,S09-002,48,F,placebo,4,185,120,77
S09,S09-002,48,F,placebo,8,176,109,82
S09,S09-002,48,F,placebo,12,182,118,80
S09,S09-003,78,F,active,0,175,92,70
S09,S09-003,78,F,active,4,164,92,63
S09,S09-003,78,F,active,8,150,97,74
S09,S09-003,78,F,active,12,158,83,72
S09,S09-004,48,F,placebo,0,146,99,75
S09,S09-004,48,F,placebo,4,148,98,74
S09,S09-004,48,F,placebo,8,135,96,80
S09,S09-004,48,F,placebo,12,141,100,72
S09,S09-005,47,M,placebo,0,153,85,80
S09,S09-005,47,M,placebo,4,163,79,80
S09,S09-005,47,M,placebo,8,160,82,80
S09,S09-005,47,M,placebo,12,163,88,75
S09,S09-006,56,M,active,0,152,93,65
S09,S09-006,56,M,active,4,150,89,68
S09,S09-006,56,M,active,8,137,85,66
S09,S09-006,56,M,active,12,130,80,65
S09,S09-007,50,M,active,0,154,84,82
S09,S09-007,50,M,active,4,146,80,80
S09,S09-007,50,M,active,8,125,83,85
S09,S09-007,50,M,active,12,140,78,92
S09,S09-008,58,F,active,0,165,101,71
S09,S09-008,58,F,active,4,156,98,69
S09,S09-008,58,F,active,8,147,100,60
S09,S09-008,58,F,active,12,142,95,60
S09,S09-009,60,F,active,0,140,99,78
S09,S09-009,60,F,active,4,145,95,72
S09,S09-009,60,F,active,8,151,88,73
S09,S09-009,60,F,active,12,146,89,70
S09,S09-010,60,F,active,0,145,85,63
S09,S09-010,60,F,active,4,156,86,79
S09,S09-010,60,F,active,8,169,80,75
S09,S09-010,60,F,active,12,155,83,74
S09,S09-011,57,F,placebo,0,158,92,62
S09,S09-011,57,F,placebo,4,175,87,62
S09,S09-011,57,F,placebo,8,150,95,55
S09,S09-011,57,F,placebo,12,156,85,61
S09,S09-012,51,F,placebo,0,135,78,70
S09,S09-012,51,F,placebo,4,139,80,75
S09,S09-012,51,F,placebo,8,141,78,78
S09,S09-012,51,F,placebo,12,142,80,78
S09,S09-013,64,M,placebo,0,147,82,87
S09,S09-013,64,M,placebo,4,130,85,85
S09,S09-013,64,M,placebo,8,125,92,76
S09,S09-013,64,M,placebo,12,135,85,78
S09,S09-014,57,F,placebo,0,160,96,80
S09,S09-014,57,F,placebo,4,160,97,83
S09,S09-014,57,F,placebo,8,157,100,80
S09,S09-014,57,F,placebo,12,160,100,79
S09,S09-015,53,F,placebo,0,166,100,68
S09,S09-015,53,F,placebo,4,166,84,77
S09,S09-015,53,F,placebo,8,165,100,82
S09,S09-015,53,F,placebo,12,173,82,68
S09,S09-016,73,F,active,0,170,107,60
S09,S09-016,73,F,active,4,157,88,60
S09,S09-016,73,F,active,8,160,97,55
S09,S09-016,73,F,active,12,142,80,56
S09,S09-017,57,F,placebo,0,168,105,68
S09,S09-017,57,F,placebo,4,162,100,62
S09,S09-017,57,F,placebo,8,161,102,63
S09,S09-017,57,F,placebo,12,159,93,64
S09,S09-018,69,F,active,0,180,98,70
S09,S09-018,69,F,active,4,170,95,78
S09,S09-018,69,F,active,8,173,92,72
S09,S09-018,69,F,active,12,166,85,70
S09,S09-019,70,M,active,0,178,108,83
S09,S09-019,70,M,active,4,166,100,75
S09,S09-019,70,M,active,8,159,97,68
S09,S09-019,70,M,active,12,150,100,70
S09,S09-020,71,M,active,0,185,110,70
S09,S09-020,71,M,active,4,190,108,68
S09,S09-020,71,M,active,8,188,110,65
S09,S09-020,71,M,active,12,178,106,62
S09,S09-021,65,M,placebo,0,192,110,90
S09,S09-021,65,M,placebo,4,197,105,79
S09,S09-021,65,M,placebo,8,185,115,85
S09,S09-021,65,M,placebo,12,210,108,90
S09,S09-022,58,F,active,0,145,87,80
S09,S09-022,58,F,active,4,119,85,70
S09,S09-022,58,F,active,8,122,73,81
S09,S09-022,58,F,active,12,120,80,80
S09,S09-023,57,F,placebo,0,129,85,81
S09,S09-023,57,F,placebo,4,123,84,80
S09,S09-023,57,F,placebo,8,123,80,82
S09,S09-023,57,F,placebo,12,135,88,84
S09,S09-024,56,F,active,0,145,92,84
S09,S09-024,56,F,active,4,142,100,87
S09,S09-024,56,F,active,8,150,88,81
S09,S09-024,56,F,active,12,137,95,78
S09,S09-025,36,F,placebo,0,164,86,78
S09,S09-025,36,F,placebo,4,155,90,78
S09,S09-025,36,F,placebo,8,148,93,70
S09,S09-025,36,F,placebo,12,160,85,71
S09,S09-026,65,M,placebo,0,147,101,85
S09,S09-026,65,M,placebo,4,156,105,100
S09,S09-026,65,M,placebo,8,158,91,90
S09,S09-026,65,M,placebo,12,151,90,100
S09,S09-027,60,F,active,0,162,100,65
S09,S09-027,60,F,active,4,145,102,67
S09,S09-027,60,F,active,8,158,101,71
S09,S09-027,60,F,active,12,149,96,58
S09,S09-028,66,M,placebo,0,153,95,76
S09,S09-028,66,M,placebo,4,145,90,70
S09,S09-028,66,M,placebo,8,150,85,63
S09,S09-028,66,M,placebo,12,155,101,70
S09,S09-029,57,F,active,0,147,93,68
S09,S09-029,57,F,active,4,156,88,66
S09,S09-029,57,F,active,8,142,95,65
S09,S09-029,57,F,active,12,139,85,55
S09,S09-030,65,F,active,0,160,92,92
S09,S09-030,65,F,active,4,144,100,78
S09,S09-030,65,F,active,8,145,86,78
S09,S09-030,65,F,active,12,145,75,86
S09,S09-031,44,M,placebo,0,146,95,74
S09,S09-031,44,M,placebo,4,155,99,70
S09,S09-031,44,M,placebo,8,160,92,80
S09,S09-031,44,M,placebo,12,150,107,80
S09,S09-032,46,M,placebo,0,165,95,65
S09,S09-032,46,M,placebo,4,155,91,66
S09,S09-032,46,M,placebo,8,154,100,68
S09,S09-032,46,M,placebo,12,172,95,70
S09,S09-033,33,M,placebo,0,150,82,62
S09,S09-033,33,M,placebo,4,146,85,60
S09,S09-033,33,M,placebo,8,154,95,59
S09,S09-033,33,M,placebo,12,145,84,66
S09,S09-034,57,M,active,0,154,95,84
S09,S09-034,57,M,active,4,142,95,85
S09,S09-034,57,M,active,8,142,84,75
S09,S09-034,57,M,active,12,130,88,81
S09,S09-035,50,F,active,0,155,90,70
S09,S09-035,50,F,active,4,162,89,82
S09,S09-035,50,F,active,8,152,90,71
S09,S09-035,50,F,active,12,159,90,75
S09,S09-036,49,F,active,0,163,85,82
S09,S09-036,49,F,active,4,154,90,85
S09,S09-036,49,F,active,8,143,82,85
S09,S09-036,49,F,active,12,142,100,85
S09,S09-037,61,M,active,0,170,105,68
S09,S09-037,61,M,active,4,177,105,72
S09,S09-037,61,M,active,8,174,90,75
S09,S09-037,61,M,active,12,165,94,80
S09,S09-038,54,F,active,0,138,80,86
S09,S09-038,54,F,active,4,140,89,84
S09,S09-038,54,F,active,8,135,80,80
S09,S09-038,54,F,active,12,140,75,80
S09,S09-039,44,F,placebo,0,134,94,75
S09,S09-039,44,F,placebo,4,127,85,75
S09,S09-039,44,F,placebo,8,150,88,75
S09,S09-039,44,F,placebo,12,139,82,83
S09,S09-040,83,F,placebo,0,155,106,65
S09,S09-040,83,F,placebo,4,153,93,65
S09,S09-040,83,F,placebo,8,160,95,61
S09,S09-040,83,F,placebo,12,155,92,64
S09,S09-041,58,M,placebo,0,164,101,74
S09,S09-041,58,M,placebo,4,160,100,77
S09,S09-041,58,M,placebo,8,144,100,63
S09,S09-041,58,M,placebo,12,160,98,73
S09,S09-042,47,M,placebo,0,149,86,59
S09,S09-042,47,M,placebo,4,142,91,68
S09,S09-042,47,M,placebo,8,144,84,71
S09,S09-042,47,M,placebo,12,146,95,58
S09,S09-043,51,M,active,0,175,102,80
S09,S09-043,51,M,active,4,178,93,77
S09,S09-043,51,M,active,8,158,95,80
S09,S09-043,51,M,active,12,160,81,83
S09,S09-044,56,M,placebo,0,183,114,79
S09,S09-044,56,M,placebo,4,175,110,80
S09,S09-044,56,M,placebo,8,180,120,87
S09,S09-044,56,M,placebo,12,175,115,74
S09,S09-045,56,F,active,0,150,95,70
S09,S09-045,56,F,active,4,138,89,78
S09,S09-045,56,F,active,8,145,80,75
S09,S09-045,56,F,active,12,135,86,68
S09,S09-046,71,M,active,0,173,108,78
S09,S09-046,71,M,active,4,169,105,80
S09,S09-046,71,M,active,8,166,109,82
S09,S09-046,71,M,active,12,157,89,82
S09,S09-047,57,F,active,0,127,87,75
S09,S09-047,57,F,active,4,130,89,70
S09,S09-047,57,F,active,8,120,85,73
S09,S09-047,57,F,active,12,110,84,77
S09,S09-048,77,F,placebo,0,165,108,90
S09,S09-048,77,F,placebo,4,165,107,85
S09,S09-048,77,F,placebo,8,172,100,84
S09,S09-048,77,F,placebo,12,169,102,90
S09,S09-049,54,M,placebo,0,150,102,90
S09,S09-049,54,M,placebo,4,136,97,80
S09,S09-049,54,M,placebo,8,144,101,75
S09,S09-049,54,M,placebo,12,143,92,80
S09,S09-050,62,F,placebo,0,160,104,77
S09,S09-050,62,F,placebo,4,175,100,87
S09,S09-050,62,F,placebo,8,166,89,90
S09,S09-050,62,F,placebo,12,152,94,88
S09,S09-051,68,F,active,0,144,80,88
S09,S09-051,68,F,active,4,145,82,80
S09,S09-051,68,F,active,8,132,66,78
S09,S09-051,68,F,active,12,135,75,82
S09,S09-052,70,M,placebo,0,143,94,65
S09,S09-052,70,M,placebo,4,138,92,70
S09,S09-052,70,M,placebo,8,145,88,77
S09,S09-052,70,M,placebo,12,160,86,77
S09,S09-053,71,F,active,0,126,105,79
S09,S09-053,71,F,active,4,132,93,79
S09,S09-053,71,F,active,8,128,89,70
S09,S09-053,71,F,active,12,125,85,75
S09,S09-054,55,M,active,0,170,103,72
S09,S09-054,55,M,active,4,156,99,80
S09,S09-054,55,M,active,8,150,88,70
S09,S09-054,55,M,active,12,158,106,78
S09,S09-055,58,F,active,0,178,76,55
S09,S09-055,58,F,active,4,175,83,60
S09,S09-055,58,F,active,8,175,74,69
S09,S09-055,58,F,active,12,165,80,67
S10,S10-001,56,F,active,0,125,79,84
S10,S10-001,56,F,active,4,118,75,80
S10,S10-001,56,F,active,8,119,75,82
S10,S10-001,56,F,active,12,120,74,87
S10,S10-002,51,F,active,0,172,106,51
S10,S10-002,51,F,active,4,157,98,49
S10,S10-002,51,F,active,8,151,96,54
S10,S10-002,51,F,active,12,153,94,55
S10,S10-003,71,M,placebo,0,157,98,74
S10,S10-003,71,M,placebo,4,149,96,77
S10,S10-003,71,M,placebo,8,165,95,73
S10,S10-003,71,M,placebo,12,150,96,74
S10,S10-004,60,M,active,0,150,71,71
S10,S10-004,60,M,active,4,147,86,70
S10,S10-004,60,M,active,8,141,81,75
S10,S10-004,60,M,active,12,143,73,70
S10,S10-005,58,M,active,0,149,85,58
S10,S10-005,58,M,active,4,154,94,61
S10,S10-005,58,M,active,8,147,84,63
S10,S10-005,58,M,active,12,149,87,62
S10,S10-006,65,F,placebo,0,135,87,76
S10,S10-006,65,F,placebo,4,132,100,70
S10,S10-006,65,F,placebo,8,137,84,60
S10,S10-006,65,F,placebo,12,133,89,78
S10,S10-007,67,M,placebo,0,128,80,73
S10,S10-007,67,M,placebo,4,141,88,71
S10,S10-007,67,M,placebo,8,136,86,74
S10,S10-007,67,M,placebo,12,131,92,79
S10,S10-008,63,F,active,0,167,106,77
S10,S10-008,63,F,active,4,167,110,76
S10,S10-008,63,F,active,8,165,98,68
S10,S10-008,63,F,active,12,146,99,69
S10,S10-009,67,F,placebo,0,163,92,60
S10,S10-009,67,F,placebo,4,163,94,72
S10,S10-009,67,F,placebo,8,144,93,74
S10,S10-009,67,F,placebo,12,158,94,74
S10,S10-010,63,M,active,0,130,89,67
S10,S10-010,63,M,active,4,125,88,63
S10,S10-010,63,M,active,8,121,79,62
S10,S10-010,63,M,active,12,109,81,61
S10,S10-011,64,M,placebo,0,142,98,60
S10,S10-011,64,M,placebo,4,136,84,56
S10,S10-011,64,M,placebo,8,152,92,67
S10,S10-011,64,M,placebo,12,148,92,55
S10,S10-012,51,F,active,0,173,114,66
S10,S10-012,51,F,active,4,158,109,59
S10,S10-012,51,F,active,8,164,104,68
S10,S10-012,51,F,active,12,146,104,66
S10,S10-013,76,F,active,0,146,91,77
S10,S10-013,76,F,active,4,149,90,75
S10,S10-013,76,F,active,8,149,84,79
S10,S10-013,76,F,active,12,151,93,77
S10,S10-014,46,F,active,0,168,93,73
S10,S10-014,46,F,active,4,162,86,82
S10,S10-014,46,F,active,8,158,89,75
S10,S10-014,46,F,active,12,157,91,76
S10,S10-015,61,M,placebo,0,181,109,70
S10,S10-015,61,M,placebo,4,170,100,68
S10,S10-015,61,M,placebo,8,171,91,71
S10,S10-015,61,M,placebo,12,161,100,81
S10,S10-016,45,F,placebo,0,139,82,63
S10,S10-016,45,F,placebo,4,142,87,65
S10,S10-016,45,F,placebo,8,134,88,60
S10,S10-016,45,F,placebo,12,134,89,53
S10,S10-017,57,F,placebo,0,149,99,66
S10,S10-017,57,F,placebo,4,149,97,79
S10,S10-017,57,F,placebo,8,151,98,71
S10,S10-017,57,F,placebo,12,145,96,76
S10,S10-018,52,F,active,0,151,91,77
S10,S10-018,52,F,active,4,147,83,68
S10,S10-018,52,F,active,8,140,75,73
S10,S10-018,52,F,active,12,131,88,79
S10,S10-019,59,M,placebo,0,139,96,77
S10,S10-019,59,M,placebo,4,133,100,76
S10,S10-019,59,M,placebo,8,135,91,74
S10,S10-019,59,M,placebo,12,139,96,80
S10,S10-020,61,F,active,0,130,75,66
S10,S10-020,61,F,active,4,147,81,69
S10,S10-020,61,F,active,8,129,79,69
S10,S10-020,61,F,active,12,128,79,67
S10,S10-021,48,F,active,0,141,103,48
S10,S10-021,48,F,active,4,148,92,49
S10,S10-021,48,F,active,8,137,97,59
S10,S10-021,48,F,active,12,132,97,56
S10,S10-022,58,F,placebo,0,140,99,71
S10,S10-022,58,F,placebo,4,144,91,63
S10,S10-022,58,F,placebo,8,147,86,61
S10,S10-022,58,F,placebo,12,144,82,71
S10,S10-023,72,F,active,0,158,99,72
S10,S10-023,72,F,active,4,153,94,69
S10,S10-023,72,F,active,8,151,90,67
S10,S10-023,72,F,active,12,151,83,62
S10,S10-024,45,M,placebo,0,170,104,68
S10,S10-024,45,M,placebo,4,171,110,69
S10,S10-024,45,M,placebo,8,171,108,62
S10,S10-024,45,M,placebo,12,165,98,62
S10,S10-025,49,M,active,0,163,100,74
S10,S10-025,49,M,active,4,157,89,66
S10,S10-025,49,M,active,8,144,99,76
S10,S10-025,49,M,active,12,149,92,68
S10,S10-026,67,M,placebo,0,162,97,80
S10,S10-026,67,M,placebo,4,157,102,79
S10,S10-026,67,M,placebo,8,158,99,77
S10,S10-026,67,M,placebo,12,162,102,83
S10,S10-027,59,F,placebo,0,145,87,75
S10,S10-027,59,F,placebo,4,147,87,76
S10,S10-027,59,F,placebo,8,160,85,72
S10,S10-027,59,F,placebo,12,140,87,70
S10,S10-028,60,F,placebo,0,161,103,80
S10,S10-028,60,F,placebo,4,154,93,78
S10,S10-028,60,F,placebo,8,150,97,86
S10,S10-028,60,F,placebo,12,156,90,84
S10,S10-029,68,M,active,0,147,88,60
S10,S10-029,68,M,active,4,152,95,56
S10,S10-029,68,M,active,8,153,93,66
S10,S10-029,68,M,active,12,145,88,60
S10,S10-030,50,M,placebo,0,156,80,69
S10,S10-030,50,M,placebo,4,140,87,76
S10,S10-030,50,M,placebo,8,145,86,68
S10,S10-030,50,M,placebo,12,148,80,68
S10,S10-031,53,M,placebo,0,183,97,56
S10,S10-031,53,M,placebo,4,187,101,51
S10,S10-031,53,M,placebo,8,182,104,58
S10,S10-031,53,M,placebo,12,180,103,53
S10,S10-032,52,M,placebo,0,143,77,66
S10,S10-032,52,M,placebo,4,126,80,66
S10,S10-032,52,M,placebo,8,123,82,66
S10,S10-032,52,M,placebo,12,124,74,65
S10,S10-033,55,F,active,0,127,85,65
S10,S10-033,55,F,active,4,128,88,63
S10,S10-033,55,F,active,8,113,75,64
S10,S10-033,55,F,active,12,120,82,73
S10,S10-034,71,M,placebo,0,159,110,82
S10,S10-034,71,M,placebo,4,164,103,85
S10,S10-034,71,M,placebo,8,164,102,85
S10,S10-034,71,M,placebo,12,150,107,82
S10,S10-035,41,M,active,0,164,91,76
S10,S10-035,41,M,active,4,148,80,75
S10,S10-035,41,M,active,8,144,86,76
S10,S10-035,41,M,active,12,128,86,73
S10,S10-036,46,M,placebo,0,134,87,78
S10,S10-036,46,M,placebo,4,143,80,80
S10,S10-036,46,M,placebo,8,137,82,72
S10,S10-036,46,M,placebo,12,135,86,86
S10,S10-037,44,F,active,0,144,103,77
S10,S10-037,44,F,active,4,130,95,69
S10,S10-037,44,F,active,8,134,103,71
S10,S10-037,44,F,active,12,138,95,73
S10,S10-038,72,M,active,0,150,92,59
S10,S10-038,72,M,active,4,138,79,68
S10,S10-038,72,M,active,8,143,81,62
S10,S10-038,72,M,active,12,120,80,73
S10,S10-039,52,F,placebo,0,160,99,63
S10,S10-039,52,F,placebo,4,180,93,67
S10,S10-039,52,F,placebo,8,166,87,63
S10,S10-039,52,F,placebo,12,158,102,72
S10,S10-040,55,F,placebo,0,169,100,72
S10,S10-040,55,F,placebo,4,163,103,79
S10,S10-040,55,F,placebo,8,167,102,77
S10,S10-040,55,F,placebo,12,165,99,76
S10,S10-041,42,M,active,0,175,101,87
S10,S10-041,42,M,active,4,163,102,84
S10,S10-041,42,M,active,8,168,103,76
S10,S10-041,42,M,active,12,158,95,91
S10,S10-042,55,M,active,0,130,94,73
S10,S10-042,55,M,active,4,139,78,80
S10,S10-042,55,M,active,8,141,76,77
S10,S10-042,55,M,active,12,135,84,80
S10,S10-043,67,M,active,0,142,89,72
S10,S10-043,67,M,active,4,134,98,59
S10,S10-043,67,M,active,8,131,94,71
S10,S10-043,67,M,active,12,131,93,70
S10,S10-044,61,M,placebo,0,135,93,75
S10,S10-044,61,M,placebo,4,145,85,73
S10,S10-044,61,M,placebo,8,124,82,73
S10,S10-044,61,M,placebo,12,134,94,69
S10,S10-045,57,M,active,0,175,101,68
S10,S10-045,57,M,active,4,163,112,70
S10,S10-045,57,M,active,8,164,107,65
S10,S10-045,57,M,active,12,167,103,69
S10,S10-046,42,M,placebo,0,169,104,82
S10,S10-046,42,M,placebo,4,151,104,82
S10,S10-046,42,M,placebo,8,149,100,89
S10,S10-046,42,M,placebo,12,151,106,90
S10,S10-047,55,F,active,0,147,102,82
S10,S10-047,55,F,active,4,143,95,80
S10,S10-047,55,F,active,8,142,90,78
S10,S10-047,55,F,active,12,152,95,81
S10,S10-048,59,F,active,0,156,90,71
S10,S10-048,59,F,active,4,152,97,74
S10,S10-048,59,F,active,8,140,94,68
S10,S10-048,59,F,active,12,144,85,77
S10,S10-049,48,F,placebo,0,166,104,71
S10,S10-049,48,F,placebo,4,147,99,74
S10,S10-049,48,F,placebo,8,161,96,76
S10,S10-049,48,F,placebo,12,151,101,74
S10,S10-050,65,M,placebo,0,142,79,78
S10,S10-050,65,M,placebo,4,143,86,70
S10,S10-050,65,M,placebo,8,142,74,72
S10,S10-050,65,M,placebo,12,149,83,79
S10,S10-051,67,M,placebo,0,164,110,78
S10,S10-051,67,M,placebo,4,163,107,83
S10,S10-051,67,M,placebo,8,155,110,83
S10,S10-051,67,M,placebo,12,161,107,77
S10,S10-052,53,M,placebo,0,147,96,68
S10,S10-052,53,M,placebo,4,152,93,65
S10,S10-052,53,M,placebo,8,168,92,67
S10,S10-052,53,M,placebo,12,134,91,67
S10,S10-053,65,F,active,0,142,85,63
S10,S10-053,65,F,active,4,137,83,62
S10,S10-053,65,F,active,8,130,82,67
S10,S10-053,65,F,active,12,125,78,72
S10,S10-054,57,F,placebo,0,162,96,84
S10,S10-054,57,F,placebo,4,159,92,79
S10,S10-054,57,F,placebo,8,160,92,84
S10,S10-054,57,F,placebo,12,154,84,82
S10,S10-055,69,F,active,0,162,90,72
S10,S10-055,69,F,active,4,143,81,72
S10,S10-055,69,F,active,8,142,76,71
S10,S10-055,69,F,active,12,129,84,75
S10,S10-056,78,M,active,0,163,104,80
S10,S10-056,78,M,active,4,159,103,77
S10,S10-056,78,M,active,8,153,99,76
S10,S10-056,78,M,active,12,141,95,81
S10,S10-057,47,F,placebo,0,149,105,90
S10,S10-057,47,F,placebo,4,162,108,84
S10,S10-057,47,F,placebo,8,145,108,81
S10,S10-057,47,F,placebo,12,152,103,90
S10,S10-058,66,M,placebo,0,160,105,80
S10,S10-058,66,M,placebo,4,171,96,68
S10,S10-058,66,M,placebo,8,160,91,80
S10,S10-058,66,M,placebo,12,158,89,75
S10,S10-059,71,F,placebo,0,153,91,76
S10,S10-059,71,F,placebo,4,152,95,79
S10,S10-059,71,F,placebo,8,160,95,81
S10,S10-059,71,F,placebo,12,152,98,79
S10,S10-060,48,M,active,0,138,91,99
S10,S10-060,48,M,active,4,140,92,92
S10,S10-060,48,M,active,8,130,87,89
S10,S10-060,48,M,active,12,136,84,101
S10,S10-061,52,M,active,0,164,99,79
S10,S10-061,52,M,active,4,155,105,70
S10,S10-061,52,M,active,8,152,91,73
S10,S10-061,52,M,active,12,157,96,71
S10,S10-062,52,F,placebo,0,158,110,61
S10,S10-062,52,F,placebo,4,153,111,68
S10,S10-062,52,F,placebo,8,162,107,64
S10,S10-062,52,F,placebo,12,151,110,62
S10,S10-063,57,M,placebo,0,160,104,80
S10,S10-063,57,M,placebo,4,156,110,64
S10,S10-063,57,M,placebo,8,155,104,72
S10,S10-063,57,M,placebo,12,156,111,66
S10,S10-064,54,M,active,0,173,100,84
S10,S10-064,54,M,active,4,168,96,85
S10,S10-064,54,M,active,8,162,92,88
S10,S10-064,54,M,active,12,153,92,83
S10,S10-065,56,M,active,0,146,92,60
S10,S10-065,56,M,active,4,130,93,61
S10,S10-065,56,M,active,8,143,90,57
S10,S10-065,56,M,active,12,123,90,64
S10,S10-066,66,M,active,0,151,103,67
S10,S10-066,66,M,active,4,157,101,68
S10,S10-066,66,M,active,8,155,96,66
S10,S10-066,66,M,active,12,146,100,65
S10,S10-067,39,M,active,0,143,87,86
S10,S10-067,39,M,active,4,133,94,85
S10,S10-067,39,M,active,8,125,81,87
S10,S10-067,39,M,active,12,130,82,82
S10,S10-068,48,F,active,0,163,86,75
S10,S10-068,48,F,active,4,151,91,68
S10,S10-068,48,F,active,8,138,80,69
S10,S10-068,48,F,active,12,134,81,75
S10,S10-069,65,F,placebo,0,143,88,74
S10,S10-069,65,F,placebo,4,150,91,70
S10,S10-069,65,F,placebo,8,143,87,67
S10,S10-069,65,F,placebo,12,145,84,70
S10,S10-070,64,M,active,0,174,107,78
S10,S10-070,64,M,active,4,158,113,87
S10,S10-070,64,M,active,8,159,107,84
S10,S10-070,64,M,active,12,161,98,78
S10,S10-071,47,M,placebo,0,153,105,62
S10,S10-071,47,M,placebo,4,149,96,63
S10,S10-071,47,M,placebo,8,149,102,64
S10,S10-071,47,M,placebo,12,140,100,70
S10,S10-072,64,F,active,0,154,100,65
S10,S10-072,64,F,active,4,153,101,56
S10,S10-072,64,F,active,8,149,87,69
S10,S10-072,64,F,active,12,143,89,56
S10,S10-073,71,M,placebo,0,135,92,55
S10,S10-073,71,M,placebo,4,135,83,68
S10,S10-073,71,M,placebo,8,135,82,70
S10,S10-073,71,M,placebo,12,125,83,60
S10,S10-074,58,M,placebo,0,141,100,78
S10,S10-074,58,M,placebo,4,157,93,78
S10,S10-074,58,M,placebo,8,150,100,77
S10,S10-074,58,M,placebo,12,141,92,71
S10,S10-075,48,M,placebo,0,146,87,64
S10,S10-075,48,M,placebo,4,149,83,71
S10,S10-075,48,M,placebo,8,151,87,81
S10,S10-075,48,M,placebo,12,140,81,81
S10,S10-076,67,M,active,0,191,105,65
S10,S10-076,67,M,active,4,170,100,63
S10,S10-076,67,M,active,8,174,100,68
S10,S10-076,67,M,active,12,167,97,68
S10,S10-077,75,M,placebo,0,149,106,65
S10,S10-077,75,M,placebo,4,155,97,53
S10,S10-077,75,M,placebo,8,145,108,75
S10,S10-077,75,M,placebo,12,136,104,67
S10,S10-078,49,M,placebo,0,148,96,69
S10,S10-078,49,M,placebo,4,160,103,67
S10,S10-078,49,M,placebo,8,156,92,74
S10,S10-078,49,M,placebo,12,154,96,72
S10,S10-079,58,F,active,0,154,85,81
S10,S10-079,58,F,active,4,153,95,83
S10,S10-079,58,F,active,8,141,78,80
S10,S10-079,58,F,active,12,144,76,83
S10,S10-080,69,M,active,0,129,84,68
S10,S10-080,69,M,active,4,129,89,67
S10,S10-080,69,M,active,8,122,85,66
S10,S10-080,69,M,active,12,102,79,71
S11,S11-001,63,F,active,0,152,99,86
S11,S11-001,63,F,active,4,144,97,86
S11,S11-001,63,F,active,8,149,87,85
S11,S11-001,63,F,active,12,140,87,84
S11,S11-002,74,M,placebo,0,166,93,53
S11,S11-002,74,M,placebo,4,165,101,65
S11,S11-002,74,M,placebo,8,171,102,64
S11,S11-002,74,M,placebo,12,160,92,58
S11,S11-003,59,M,active,0,141,95,75
S11,S11-003,59,M,active,4,149,93,77
S11,S11-003,59,M,active,8,139,84,79
S11,S11-003,59,M,active,12,142,77,76
S11,S11-004,54,M,active,0,129,76,80
S11,S11-004,54,M,active,4,126,75,82
S11,S11-004,54,M,active,8,123,81,77
S11,S11-004,54,M,active,12,126,71,80
S11,S11-005,45,M,placebo,0,156,82,71
S11,S11-005,45,M,placebo,4,153,85,78
S11,S11-005,45,M,placebo,8,141,79,67
S11,S11-005,45,M,placebo,12,137,85,77
S11,S11-006,54,M,active,0,165,93,59
S11,S11-006,54,M,active,4,165,91,63
S11,S11-006,54,M,active,8,159,93,56
S11,S11-006,54,M,active,12,147,96,59
S11,S11-007,65,F,active,0,159,98,83
S11,S11-007,65,F,active,4,155,82,85
S11,S11-007,65,F,active,8,147,82,79
S11,S11-007,65,F,active,12,143,83,85
S11,S11-008,66,F,active,0,140,95,63
S11,S11-008,66,F,active,4,131,80,68
S11,S11-008,66,F,active,8,127,86,64
S11,S11-008,66,F,active,12,123,82,74
S11,S11-009,61,F,active,0,161,96,69
S11,S11-009,61,F,active,4,169,97,70
S11,S11-009,61,F,active,8,166,99,74
S11,S11-009,61,F,active,12,168,100,67
S11,S11-010,63,M,placebo,0,167,96,72
S11,S11-010,63,M,placebo,4,166,93,70
S11,S11-010,63,M,placebo,8,165,94,69
S11,S11-010,63,M,placebo,12,150,90,75
S11,S11-011,71,F,placebo,0,154,95,77
S11,S11-011,71,F,placebo,4,167,97,67
S11,S11-011,71,F,placebo,8,169,100,72
S11,S11-011,71,F,placebo,12,170,101,70
S11,S11-012,59,F,placebo,0,166,93,64
S11,S11-012,59,F,placebo,4,149,89,63
S11,S11-012,59,F,placebo,8,162,93,61
S11,S11-012,59,F,placebo,12,162,93,48
S11,S11-013,72,M,placebo,0,150,85,79
S11,S11-013,72,M,placebo,4,149,76,71
S11,S11-013,72,M,placebo,8,145,76,72
S11,S11-013,72,M,placebo,12,134,81,72
S11,S11-014,51,F,active,0,155,92,64
S11,S11-014,51,F,active,4,162,90,68
S11,S11-014,51,F,active,8,152,96,67
S11,S11-014,51,F,active,12,163,84,64
S11,S11-015,57,F,placebo,0,159,108,78
S11,S11-015,57,F,placebo,4,171,97,77
S11,S11-015,57,F,placebo,8,169,102,81
S11,S11-015,57,F,placebo,12,164,98,72
S11,S11-016,53,F,active,0,166,105,73
S11,S11-016,53,F,active,4,153,99,79
S11,S11-016,53,F,active,8,155,100,74
S11,S11-016,53,F,active,12,149,91,73
S11,S11-017,66,M,active,0,173,97,83
S11,S11-017,66,M,active,4,158,105,85
S11,S11-017,66,M,active,8,162,95,85
S11,S11-017,66,M,active,12,147,90,84
S11,S11-018,48,M,placebo,0,167,96,66
S11,S11-018,48,M,placebo,4,150,109,73
S11,S11-018,48,M,placebo,8,175,99,76
S11,S11-018,48,M,placebo,12,161,109,63
S11,S11-019,55,M,active,0,120,82,59
S11,S11-019,55,M,active,4,128,78,70
S11,S11-019,55,M,active,8,122,76,72
S11,S11-019,55,M,active,12,118,81,57
S11,S11-020,39,M,placebo,0,156,84,64
S11,S11-020,39,M,placebo,4,153,93,67
S11,S11-020,39,M,placebo,8,151,91,57
S11,S11-020,39,M,placebo,12,148,91,67
S11,S11-021,64,F,active,0,151,99,89
S11,S11-021,64,F,active,4,152,96,91
S11,S11-021,64,F,active,8,142,97,87
S11,S11-021,64,F,active,12,141,95,94
S11,S11-022,70,F,placebo,0,167,87,81
S11,S11-022,70,F,placebo,4,172,93,84
S11,S11-022,70,F,placebo,8,172,94,83
S11,S11-022,70,F,placebo,12,167,88,77
S11,S11-023,67,M,placebo,0,174,106,79
S11,S11-023,67,M,placebo,4,172,104,72
S11,S11-023,67,M,placebo,8,163,101,69
S11,S11-023,67,M,placebo,12,176,101,62
S11,S11-024,66,M,active,0,145,85,79
S11,S11-024,66,M,active,4,152,87,80
S11,S11-024,66,M,active,8,140,86,82
S11,S11-024,66,M,active,12,145,80,91
S11,S11-025,66,F,active,0,164,91,85
S11,S11-025,66,F,active,4,156,92,80
S11,S11-025,66,F,active,8,147,93,82
S11,S11-025,66,F,active,12,144,92,82
S11,S11-026,65,F,placebo,0,164,94,64
S11,S11-026,65,F,placebo,4,160,91,58
S11,S11-026,65,F,placebo,8,154,99,63
S11,S11-026,65,F,placebo,12,161,87,62
S11,S11-027,64,F,placebo,0,169,99,63
S11,S11-027,64,F,placebo,4,172,97,72
S11,S11-027,64,F,placebo,8,160,98,65
S11,S11-027,64,F,placebo,12,171,106,62
S11,S11-028,65,F,active,0,141,92,74
S11,S11-028,65,F,active,4,144,86,71
S11,S11-028,65,F,active,8,142,88,73
S11,S11-028,65,F,active,12,135,86,66
S11,S11-029,51,M,active,0,130,72,67
S11,S11-029,51,M,active,4,138,83,72
S11,S11-029,51,M,active,8,121,77,58
S11,S11-029,51,M,active,12,123,70,65
S11,S11-030,56,F,placebo,0,156,89,68
S11,S11-030,56,F,placebo,4,146,91,82
S11,S11-030,56,F,placebo,8,149,88,76
S11,S11-030,56,F,placebo,12,157,91,72
S11,S11-031,59,M,placebo,0,132,83,73
S11,S11-031,59,M,placebo,4,128,79,74
S11,S11-031,59,M,placebo,8,131,74,81
S11,S11-031,59,M,placebo,12,124,87,72
S11,S11-032,55,M,active,0,155,101,56
S11,S11-032,55,M,active,4,159,99,61
S11,S11-032,55,M,active,8,152,93,62
S11,S11-032,55,M,active,12,143,85,63
S11,S11-033,42,M,placebo,0,168,110,73
S11,S11-033,42,M,placebo,4,164,108,78
S11,S11-033,42,M,placebo,8,158,112,71
S11,S11-033,42,M,placebo,12,159,112,77
S11,S11-034,46,F,active,0,181,108,82
S11,S11-034,46,F,active,4,178,107,84
S11,S11-034,46,F,active,8,168,109,86
S11,S11-034,46,F,active,12,164,101,80
S11,S11-035,60,M,placebo,0,142,91,73
S11,S11-035,60,M,placebo,4,160,88,68
S11,S11-035,60,M,placebo,8,155,78,67
S11,S11-035,60,M,placebo,12,152,84,74
S11,S11-036,67,F,active,0,146,92,71
S11,S11-036,67,F,active,4,156,94,67
S11,S11-036,67,F,active,8,151,88,68
S11,S11-036,67,F,active,12,152,91,77
S11,S11-037,58,M,active,0,163,103,70
S11,S11-037,58,M,active,4,161,102,62
S11,S11-037,58,M,active,8,162,102,65
S11,S11-037,58,M,active,12,150,86,68
S11,S11-038,85,F,active,0,140,81,76
S11,S11-038,85,F,active,4,139,94,75
S11,S11-038,85,F,active,8,141,84,77
S11,S11-038,85,F,active,12,132,77,83
S11,S11-039,49,M,placebo,0,175,102,67
S11,S11-039,49,M,placebo,4,168,101,60
S11,S11-039,49,M,placebo,8,175,93,64
S11,S11-039,49,M,placebo,12,155,97,63
S11,S11-040,62,M,placebo,0,173,85,70
S11,S11-040,62,M,placebo,4,173,82,73
S11,S11-040,62,M,placebo,8,162,82,69
S11,S11-040,62,M,placebo,12,164,94,79
S11,S11-041,71,F,placebo,0,150,93,78
S11,S11-041,71,F,placebo,4,148,95,71
S11,S11-041,71,F,placebo,8,145,94,70
S11,S11-041,71,F,placebo,12,147,95,76
S11,S11-042,69,M,placebo,0,163,91,86
S11,S11-042,69,M,placebo,4,160,98,77
S11,S11-042,69,M,placebo,8,168,93,80
S11,S11-042,69,M,placebo,12,155,86,81
S11,S11-043,65,M,active,0,147,93,64
S11,S11-043,65,M,active,4,162,91,69
S11,S11-043,65,M,active,8,141,88,65
S11,S11-043,65,M,active,12,142,89,65
S12,S12-001,48,M,placebo,0,174,108,82
S12,S12-001,48,M,placebo,4,167,105,77
S12,S12-001,48,M,placebo,8,161,99,81
S12,S12-001,48,M,placebo,12,168,101,85
S12,S12-002,34,F,active,0,137,105,60
S12,S12-002,34,F,active,4,152,102,53
S12,S12-002,34,F,active,8,130,89,57
S12,S12-002,34,F,active,12,141,90,53
S12,S12-003,48,M,active,0,151,100,87
S12,S12-003,48,M,active,4,125,91,91
S12,S12-003,48,M,active,8,141,90,91
S12,S12-003,48,M,active,12,128,92,85
S12,S12-004,61,F,placebo,0,168,93,63
S12,S12-004,61,F,placebo,4,173,94,60
S12,S12-004,61,F,placebo,8,162,95,53
S12,S12-004,61,F,placebo,12,169,101,63
S12,S12-005,63,M,placebo,0,139,89,71
S12,S12-005,63,M,placebo,4,144,87,77
S12,S12-005,63,M,placebo,8,150,83,70
S12,S12-005,63,M,placebo,12,142,87,73
S12,S12-006,63,M,active,0,155,95,74
S12,S12-006,63,M,active,4,155,95,80
S12,S12-006,63,M,active,8,138,93,73
S12,S12-006,63,M,active,12,136,93,71
S12,S12-007,64,F,placebo,0,148,98,82
S12,S12-007,64,F,placebo,4,155,96,80
S12,S12-007,64,F,placebo,8,151,102,84
S12,S12-007,64,F,placebo,12,151,102,77
S12,S12-008,52,M,active,0,151,95,70
S12,S12-008,52,M,active,4,144,91,79
S12,S12-008,52,M,active,8,154,98,68
S12,S12-008,52,M,active,12,138,85,70
S12,S12-009,50,M,active,0,173,107,48
S12,S12-009,50,M,active,4,164,110,51
S12,S12-009,50,M,active,8,163,108,57
S12,S12-009,50,M,active,12,151,100,54
S12,S12-010,62,M,placebo,0,159,98,72
S12,S12-010,62,M,placebo,4,159,100,71
S12,S12-010,62,M,placebo,8,160,93,64
S12,S12-010,62,M,placebo,12,149,103,73
S12,S12-011,56,F,placebo,0,146,93,65
S12,S12-011,56,F,placebo,4,165,95,67
S12,S12-011,56,F,placebo,8,141,84,71
S12,S12-011,56,F,placebo,12,151,84,77
S12,S12-012,67,M,active,0,152,90,52
S12,S12-012,67,M,active,4,145,92,56
S12,S12-012,67,M,active,8,142,78,56
S12,S12-012,67,M,active,12,133,80,58
S12,S12-013,62,F,placebo,0,150,93,77
S12,S12-013,62,F,placebo,4,150,95,71
S12,S12-013,62,F,placebo,8,160,97,76
S12,S12-013,62,F,placebo,12,149,94,78
S12,S12-014,71,M,active,0,148,86,71
S12,S12-014,71,M,active,4,146,85,65
S12,S12-014,71,M,active,8,151,81,64
S12,S12-014,71,M,active,12,132,89,61
S12,S12-015,53,M,active,0,146,87,71
S12,S12-015,53,M,active,4,130,84,76
S12,S12-015,53,M,active,8,139,75,78
S12,S12-015,53,M,active,12,135,79,77
S12,S12-016,69,M,active,0,170,107,72
S12,S12-016,69,M,active,4,178,102,64
S12,S12-016,69,M,active,8,162,99,69
S12,S12-016,69,M,active,12,161,95,78
S12,S12-017,78,F,placebo,0,163,95,92
S12,S12-017,78,F,placebo,4,169,99,90
S12,S12-017,78,F,placebo,8,153,96,89
S12,S12-017,78,F,placebo,12,158,90,86
S12,S12-018,59,M,active,0,154,93,63
S12,S12-018,59,M,active,4,150,85,72
S12,S12-018,59,M,active,8,148,91,60
S12,S12-018,59,M,active,12,147,83,69
S12,S12-019,63,F,placebo,0,162,103,75
S12,S12-019,63,F,placebo,4,174,111,74
S12,S12-019,63,F,placebo,8,162,97,84
S12,S12-019,63,F,placebo,12,159,110,83
S12,S12-020,49,M,active,0,142,84,74
S12,S12-020,49,M,active,4,127,77,67
S12,S12-020,49,M,active,8,129,74,78
S12,S12-020,49,M,active,12,119,85,73
S12,S12-021,67,F,placebo,0,185,102,55
S12,S12-021,67,F,placebo,4,183,97,59
S12,S12-021,67,F,placebo,8,168,99,63
S12,S12-021,67,F,placebo,12,171,101,57
S12,S12-022,69,F,active,0,169,98,71
S12,S12-022,69,F,active,4,162,97,72
S12,S12-022,69,F,active,8,160,100,66
S12,S12-022,69,F,active,12,154,85,69
S12,S12-023,53,F,placebo,0,171,106,74
S12,S12-023,53,F,placebo,4,181,103,82
S12,S12-023,53,F,placebo,8,179,101,74
S12,S12-023,53,F,placebo,12,180,110,79
S12,S12-024,64,M,placebo,0,165,90,71
S12,S12-024,64,M,placebo,4,162,85,72
S12,S12-024,64,M,placebo,8,168,95,72
S12,S12-024,64,M,placebo,12,165,93,80
S12,S12-025,61,F,placebo,0,167,90,70
S12,S12-025,61,F,placebo,4,160,87,71
S12,S12-025,61,F,placebo,8,154,101,63
S12,S12-025,61,F,placebo,12,157,94,69
S12,S12-026,62,M,placebo,0,157,98,57
S12,S12-026,62,M,placebo,4,180,106,62
S12,S12-026,62,M,placebo,8,168,100,59
S12,S12-026,62,M,placebo,12,179,103,60
S12,S12-027,66,M,active,0,141,90,74
S12,S12-027,66,M,active,4,136,88,84
S12,S12-027,66,M,active,8,142,94,72
S12,S12-027,66,M,active,12,139,91,76
S12,S12-028,63,M,placebo,0,151,99,76
S12,S12-028,63,M,placebo,4,148,87,74
S12,S12-028,63,M,placebo,8,141,95,72
S12,S12-028,63,M,placebo,12,135,95,68
S12,S12-029,57,F,placebo,0,154,104,76
S12,S12-029,57,F,placebo,4,144,98,75
S12,S12-029,57,F,placebo,8,142,101,85
S12,S12-029,57,F,placebo,12,147,96,88
S12,S12-030,66,F,active,0,172,111,70
S12,S12-030,66,F,active,4,178,106,64
S12,S12-030,66,F,active,8,169,105,73
S12,S12-030,66,F,active,12,168,105,66
S12,S12-031,69,F,active,0,147,90,56
S12,S12-031,69,F,active,4,140,88,56
S12,S12-031,69,F,active,8,147,82,57
S12,S12-031,69,F,active,12,119,92,57
S12,S12-032,52,M,active,0,139,90,71
S12,S12-032,52,M,active,4,137,92,73
S12,S12-032,52,M,active,8,142,82,80
S12,S12-032,52,M,active,12,128,93,76
S12,S12-033,58,M,placebo,0,161,101,72
S12,S12-033,58,M,placebo,4,158,98,63
S12,S12-033,58,M,placebo,8,159,97,76
S12,S12-033,58,M,placebo,12,157,102,69
S12,S12-034,40,F,active,0,171,89,88
S12,S12-034,40,F,active,4,157,95,84
S12,S12-034,40,F,active,8,155,95,81
S12,S12-034,40,F,active,12,142,92,76
S12,S12-035,64,M,placebo,0,139,101,81
S12,S12-035,64,M,placebo,4,155,90,75
S12,S12-035,64,M,placebo,8,138,95,76
S12,S12-035,64,M,placebo,12,146,97,80
S12,S12-036,70,M,placebo,0,165,101,73
S12,S12-036,70,M,placebo,4,166,95,77
S12,S12-036,70,M,placebo,8,147,91,70
S12,S12-036,70,M,placebo,12,161,98,75
S12,S12-037,55,M,active,0,169,104,73
S12,S12-037,55,M,active,4,162,97,73
S12,S12-037,55,M,active,8,161,98,76
S12,S12-037,55,M,active,12,165,101,70
S12,S12-038,59,F,active,0,172,109,69
S12,S12-038,59,F,active,4,162,100,66
S12,S12-038,59,F,active,8,151,100,59
S12,S12-038,59,F,active,12,146,102,65
S12,S12-039,56,F,placebo,0,162,100,65
S12,S12-039,56,F,placebo,4,148,102,70
S12,S12-039,56,F,placebo,8,153,95,68
S12,S12-039,56,F,placebo,12,169,96,73
S12,S12-040,54,M,placebo,0,155,100,73
S12,S12-040,54,M,placebo,4,155,102,69
S12,S12-040,54,M,placebo,8,143,101,71
S12,S12-040,54,M,placebo,12,141,93,70
S12,S12-041,60,F,active,0,179,107,67
S12,S12-041,60,F,active,4,169,102,65
S12,S12-041,60,F,active,8,174,103,62
S12,S12-041,60,F,active,12,165,100,65
S12,S12-042,50,M,active,0,175,96,72
S12,S12-042,50,M,active,4,147,94,66
S12,S12-042,50,M,active,8,148,90,71
S12,S12-042,50,M,active,12,137,80,64
S13,S13-001,66,M,active,0,168,96,83
S13,S13-001,66,M,active,4,173,106,69
S13,S13-001,66,M,active,8,171,98,71
S13,S13-001,66,M,active,12,149,96,77
S13,S13-002,62,F,placebo,0,162,99,74
S13,S13-002,62,F,placebo,4,157,97,74
S13,S13-002,62,F,placebo,8,163,92,74
S13,S13-002,62,F,placebo,12,152,86,71
S13,S13-003,70,M,placebo,0,170,91,65
S13,S13-003,70,M,placebo,4,166,95,65
S13,S13-003,70,M,placebo,8,161,100,66
S13,S13-003,70,M,placebo,12,161,96,69
S13,S13-004,54,F,active,0,150,88,69
S13,S13-004,54,F,active,4,153,80,70
S13,S13-004,54,F,active,8,150,75,74
S13,S13-004,54,F,active,12,130,74,64
S13,S13-005,53,F,active,0,128,87,73
S13,S13-005,53,F,active,4,136,86,81
S13,S13-005,53,F,active,8,127,82,77
S13,S13-005,53,F,active,12,128,71,78
S13,S13-006,62,M,active,0,154,104,79
S13,S13-006,62,M,active,4,148,104,79
S13,S13-006,62,M,active,8,149,97,80
S13,S13-006,62,M,active,12,144,101,77
S13,S13-007,68,M,active,0,148,96,75
S13,S13-007,68,M,active,4,141,101,82
S13,S13-007,68,M,active,8,127,92,77
S13,S13-007,68,M,active,12,135,98,79
S13,S13-008,66,M,placebo,0,165,110,60
S13,S13-008,66,M,placebo,4,173,114,55
S13,S13-008,66,M,placebo,8,167,108,56
S13,S13-008,66,M,placebo,12,167,104,60
S13,S13-009,61,F,placebo,0,145,92,68
S13,S13-009,61,F,placebo,4,141,93,74
S13,S13-009,61,F,placebo,8,137,91,67
S13,S13-009,61,F,placebo,12,147,98,67
S13,S13-010,60,M,placebo,0,157,91,71
S13,S13-010,60,M,placebo,4,149,79,57
S13,S13-010,60,M,placebo,8,147,84,63
S13,S13-010,60,M,placebo,12,153,83,71
S13,S13-011,58,F,placebo,0,164,91,74
S13,S13-011,58,F,placebo,4,155,89,82
S13,S13-011,58,F,placebo,8,150,96,86
S13,S13-011,58,F,placebo,12,140,90,80
S13,S13-012,62,F,active,0,162,99,77
S13,S13-012,62,F,active,4,162,90,69
S13,S13-012,62,F,active,8,164,92,77
S13,S13-012,62,F,active,12,160,88,79
S13,S13-013,78,F,active,0,154,104,79
S13,S13-013,78,F,active,4,147,104,79
S13,S13-013,78,F,active,8,149,96,80
S13,S13-013,78,F,active,12,145,101,76
S13,S13-014,56,M,placebo,0,161,98,70
S13,S13-014,56,M,placebo,4,156,91,68
S13,S13-014,56,M,placebo,8,143,88,66
S13,S13-014,56,M,placebo,12,151,95,66
S13,S13-015,54,F,active,0,135,99,74
S13,S13-015,54,F,active,4,138,103,78
S13,S13-015,54,F,active,8,143,100,77
S13,S13-015,54,F,active,12,116,97,74
S13,S13-016,54,F,active,0,179,107,67
S13,S13-016,54,F,active,4,179,104,72
S13,S13-016,54,F,active,8,162,96,77
S13,S13-016,54,F,active,12,162,99,70
S13,S13-017,62,M,active,0,155,100,91
S13,S13-017,62,M,active,4,153,96,84
S13,S13-017,62,M,active,8,148,89,83
S13,S13-017,62,M,active,12,149,89,84
S13,S13-018,37,F,placebo,0,130,88,85
S13,S13-018,37,F,placebo,4,145,97,78
S13,S13-018,37,F,placebo,8,145,93,90
S13,S13-018,37,F,placebo,12,139,87,95
S13,S13-019,57,M,placebo,0,171,82,74
S13,S13-019,57,M,placebo,4,167,82,69
S13,S13-019,57,M,placebo,8,174,92,72
S13,S13-019,57,M,placebo,12,162,92,76
S13,S13-020,67,M,placebo,0,170,90,66
S13,S13-020,67,M,placebo,4,166,95,65
S13,S13-020,67,M,placebo,8,161,101,66
S13,S13-020,67,M,placebo,12,161,96,69
S13,S13-021,53,M,placebo,0,179,121,88
S13,S13-021,53,M,placebo,4,173,113,90
S13,S13-021,53,M,placebo,8,177,106,90
S13,S13-021,53,M,placebo,12,171,104,80
S13,S13-022,60,M,active,0,176,101,68
S13,S13-022,60,M,active,4,169,94,76
S13,S13-022,60,M,active,8,146,97,71
S13,S13-022,60,M,active,12,141,88,78
S13,S13-023,79,M,active,0,184,86,62
S13,S13-023,79,M,active,4,173,87,68
S13,S13-023,79,M,active,8,156,86,70
S13,S13-023,79,M,active,12,150,88,70
S13,S13-024,61,F,active,0,163,97,62
S13,S13-024,61,F,active,4,151,99,59
S13,S13-024,61,F,active,8,151,91,67
S13,S13-024,61,F,active,12,149,93,69
S13,S13-025,36,F,placebo,0,154,106,76
S13,S13-025,36,F,placebo,4,159,98,73
S13,S13-025,36,F,placebo,8,155,108,81
S13,S13-025,36,F,placebo,12,161,102,75
S13,S13-026,44,M,placebo,0,134,90,84
S13,S13-026,44,M,placebo,4,143,82,77
S13,S13-026,44,M,placebo,8,142,86,80
S13,S13-026,44,M,placebo,12,131,90,85
S13,S13-027,55,M,placebo,0,162,103,76
S13,S13-027,55,M,placebo,4,151,98,78
S13,S13-027,55,M,placebo,8,155,102,70
S13,S13-027,55,M,placebo,12,147,104,74
S13,S13-028,50,M,placebo,0,146,85,64
S13,S13-028,50,M,placebo,4,143,84,60
S13,S13-028,50,M,placebo,8,146,87,59
S13,S13-028,50,M,placebo,12,152,81,68
S13,S13-029,59,M,placebo,0,158,93,76
S13,S13-029,59,M,placebo,4,160,110,67
S13,S13-029,59,M,placebo,8,158,103,74
S13,S13-029,59,M,placebo,12,150,101,71
S13,S13-030,55,M,active,0,162,99,74
S13,S13-030,55,M,active,4,157,98,74
S13,S13-030,55,M,active,8,164,92,74
S13,S13-030,55,M,active,12,152,87,71
S13,S13-031,70,M,active,0,151,96,75
S13,S13-031,70,M,active,4,142,98,76
S13,S13-031,70,M,active,8,132,93,76
S13,S13-031,70,M,active,12,140,88,76
S13,S13-032,47,F,active,0,140,75,63
S13,S13-032,47,F,active,4,128,78,72
S13,S13-032,47,F,active,8,130,72,70
S13,S13-032,47,F,active,12,125,74,64
S13,S13-033,56,F,active,0,160,104,73
S13,S13-033,56,F,active,4,155,97,72
S13,S13-033,56,F,active,8,158,99,79
S13,S13-033,56,F,active,12,149,93,72
S13,S13-034,60,F,active,0,127,78,71
S13,S13-034,60,F,active,4,129,84,67
S13,S13-034,60,F,active,8,127,81,65
S13,S13-034,60,F,active,12,138,81,67
S13,S13-035,61,M,active,0,129,87,73
S13,S13-035,61,M,active,4,136,86,81
S13,S13-035,61,M,active,8,128,82,76
S13,S13-035,61,M,active,12,127,71,78
S13,S13-036,59,M,active,0,165,100,74
S13,S13-036,59,M,active,4,160,100,71
S13,S13-036,59,M,active,8,158,105,64
S13,S13-036,59,M,active,12,150,94,70
S13,S13-037,34,M,active,0,156,98,71
S13,S13-037,34,M,active,4,146,95,77
S13,S13-037,34,M,active,8,134,94,72
S13,S13-037,34,M,active,12,139,89,78
S13,S13-038,59,M,placebo,0,172,82,74
S13,S13-038,59,M,placebo,4,167,82,69
S13,S13-038,59,M,placebo,8,174,92,72
S13,S13-038,59,M,placebo,12,162,92,76
S13,S13-039,56,F,active,0,145,110,70
S13,S13-039,56,F,active,4,149,104,62
S13,S13-039,56,F,active,8,143,98,61
S13,S13-039,56,F,active,12,152,99,73
S13,S13-040,67,F,placebo,0,158,93,76
S13,S13-040,67,F,placebo,4,160,110,67
S13,S13-040,67,F,placebo,8,159,104,75
S13,S13-040,67,F,placebo,12,150,101,70
S13,S13-041,65,M,placebo,0,126,99,91
S13,S13-041,65,M,placebo,4,133,91,85
S13,S13-041,65,M,placebo,8,135,85,88
S13,S13-041,65,M,placebo,12,116,89,84
S13,S13-042,60,F,placebo,0,161,90,72
S13,S13-042,60,F,placebo,4,145,89,74
S13,S13-042,60,F,placebo,8,154,92,72
S13,S13-042,60,F,placebo,12,163,85,77
S13,S13-043,61,F,placebo,0,151,89,69
S13,S13-043,61,F,placebo,4,154,80,70
S13,S13-043,61,F,placebo,8,150,75,75
S13,S13-043,61,F,placebo,12,130,74,64
S13,S13-044,72,M,active,0,144,103,65
S13,S13-044,72,M,active,4,135,95,59
S13,S13-044,72,M,active,8,130,94,59
S13,S13-044,72,M,active,12,129,98,67
S13,S13-045,70,F,placebo,0,170,91,65
S13,S13-045,70,F,placebo,4,166,95,65
S13,S13-045,70,F,placebo,8,161,100,66
S13,S13-045,70,F,placebo,12,161,95,69
S13,S13-046,61,F,active,0,158,88,66
S13,S13-046,61,F,active,4,165,96,67
S13,S13-046,61,F,active,8,157,89,60
S13,S13-046,61,F,active,12,156,88,68
S13,S13-047,79,M,placebo,0,128,90,80
S13,S13-047,79,M,placebo,4,118,87,74
S13,S13-047,79,M,placebo,8,134,90,74
S13,S13-047,79,M,placebo,12,130,87,74
S13,S13-048,52,F,placebo,0,154,106,76
S13,S13-048,52,F,placebo,4,159,98,73
S13,S13-048,52,F,placebo,8,155,108,81
S13,S13-048,52,F,placebo,12,162,102,75
S13,S13-049,46,M,placebo,0,158,93,76
S13,S13-049,46,M,placebo,4,160,110,67
S13,S13-049,46,M,placebo,8,158,103,74
S13,S13-049,46,M,placebo,12,150,101,71
S13,S13-050,58,F,placebo,0,153,90,65
S13,S13-050,58,F,placebo,4,147,93,79
S13,S13-050,58,F,placebo,8,138,87,70
S13,S13-050,58,F,placebo,12,142,88,74
S13,S13-051,54,M,placebo,0,137,99,75
S13,S13-051,54,M,placebo,4,138,102,78
S13,S13-051,54,M,placebo,8,144,100,77
S13,S13-051,54,M,placebo,12,117,98,74
S13,S13-052,33,F,active,0,146,85,64
S13,S13-052,33,F,active,4,143,84,60
S13,S13-052,33,F,active,8,146,87,59
S13,S13-052,33,F,active,12,152,82,68
S13,S13-053,51,F,placebo,0,176,101,67
S13,S13-053,51,F,placebo,4,168,94,77
S13,S13-053,51,F,placebo,8,146,98,71
S13,S13-053,51,F,placebo,12,140,88,78
S13,S13-054,61,F,active,0,158,88,67
S13,S13-054,61,F,active,4,165,96,68
S13,S13-054,61,F,active,8,157,89,59
S13,S13-054,61,F,active,12,155,88,69
S13,S13-055,57,M,placebo,0,159,109,58
S13,S13-055,57,M,placebo,4,160,105,61
S13,S13-055,57,M,placebo,8,160,104,58
S13,S13-055,57,M,placebo,12,169,95,52
S13,S13-056,50,M,active,0,144,110,70
S13,S13-056,50,M,active,4,150,104,62
S13,S13-056,50,M,active,8,143,98,61
S13,S13-056,50,M,active,12,152,99,73
S13,S13-057,58,F,active,0,179,120,88
S13,S13-057,58,F,active,4,173,113,90
S13,S13-057,58,F,active,8,176,106,90
S13,S13-057,58,F,active,12,171,104,80
S13,S13-058,59,F,active,0,154,92,67
S13,S13-058,59,F,active,4,158,97,61
S13,S13-058,59,F,active,8,148,84,68
S13,S13-058,59,F,active,12,148,81,67
S13,S13-059,65,F,active,0,165,91,74
S13,S13-059,65,F,active,4,154,89,82
S13,S13-059,65,F,active,8,150,96,86
S13,S13-059,65,F,active,12,140,90,80
S13,S13-060,52,M,placebo,0,143,87,74
S13,S13-060,52,M,placebo,4,135,94,74
S13,S13-060,52,M,placebo,8,146,95,68
S13,S13-060,52,M,placebo,12,145,95,72
S13,S13-061,67,M,placebo,0,133,90,84
S13,S13-061,67,M,placebo,4,143,82,77
S13,S13-061,67,M,placebo,8,142,86,80
S13,S13-061,67,M,placebo,12,132,90,85
S13,S13-062,47,M,placebo,0,163,97,62
S13,S13-062,47,M,placebo,4,151,99,59
S13,S13-062,47,M,placebo,8,152,91,67
S13,S13-062,47,M,placebo,12,149,94,69
S13,S13-063,53,F,placebo,0,140,75,63
S13,S13-063,53,F,placebo,4,128,78,72
S13,S13-063,53,F,placebo,8,131,72,70
S13,S13-063,53,F,placebo,12,125,75,65
S13,S13-064,75,F,active,0,161,90,73
S13,S13-064,75,F,active,4,146,89,74
S13,S13-064,75,F,active,8,154,92,72
S13,S13-064,75,F,active,12,163,85,77
S13,S13-065,48,M,active,0,136,99,75
S13,S13-065,48,M,active,4,137,102,78
S13,S13-065,48,M,active,8,144,100,77
S13,S13-065,48,M,active,12,117,97,74
S13,S13-066,51,M,placebo,0,127,79,71
S13,S13-066,51,M,placebo,4,127,85,67
S13,S13-066,51,M,placebo,8,127,81,66
S13,S13-066,51,M,placebo,12,138,81,67
S13,S13-067,45,M,active,0,149,69,79
S13,S13-067,45,M,active,4,136,72,74
S13,S13-067,45,M,active,8,136,66,85
S13,S13-067,45,M,active,12,130,65,75
S13,S13-068,50,F,active,0,130,87,85
S13,S13-068,50,F,active,4,145,97,78
S13,S13-068,50,F,active,8,145,93,90
S13,S13-068,50,F,active,12,140,87,95
S13,S13-069,59,F,active,0,154,94,58
S13,S13-069,59,F,active,4,150,90,64
S13,S13-069,59,F,active,8,143,91,65
S13,S13-069,59,F,active,12,147,80,63
S13,S13-070,65,M,active,0,158,88,67
S13,S13-070,65,M,active,4,165,96,68
S13,S13-070,65,M,active,8,157,89,59
S13,S13-070,65,M,active,12,155,88,69
S13,S13-071,58,F,placebo,0,127,79,71
S13,S13-071,58,F,placebo,4,128,85,67
S13,S13-071,58,F,placebo,8,127,81,65
S13,S13-071,58,F,placebo,12,138,81,67
S13,S13-072,55,M,placebo,0,135,89,73
S13,S13-072,55,M,placebo,4,134,95,68
S13,S13-072,55,M,placebo,8,131,88,76
S13,S13-072,55,M,placebo,12,153,89,66
S13,S13-073,46,F,placebo,0,148,81,76
S13,S13-073,46,F,placebo,4,151,85,74
S13,S13-073,46,F,placebo,8,140,89,84
S13,S13-073,46,F,placebo,12,151,85,76
S13,S13-074,51,F,active,0,154,101,76
S13,S13-074,51,F,active,4,154,100,66
S13,S13-074,51,F,active,8,151,97,74
S13,S13-074,51,F,active,12,151,94,70
S13,S13-075,43,M,active,0,160,109,58
S13,S13-075,43,M,active,4,160,105,60
S13,S13-075,43,M,active,8,160,104,58
S13,S13-075,43,M,active,12,169,95,53
S13,S13-076,65,M,placebo,0,161,100,71
S13,S13-076,65,M,placebo,4,151,92,64
S13,S13-076,65,M,placebo,8,149,101,70
S13,S13-076,65,M,placebo,12,156,85,74
S14,S14-001,75,F,active,0,143,87,83
S14,S14-001,75,F,active,4,146,76,72
S14,S14-001,75,F,active,8,141,99,64
S14,S14-001,75,F,active,12,135,90,70
S14,S14-002,61,M,active,0,159,100,64
S14,S14-002,61,M,active,4,181,93,70
S14,S14-002,61,M,active,8,165,94,70
S14,S14-002,61,M,active,12,169,85,67
S14,S14-003,57,F,placebo,0,147,93,76
S14,S14-003,57,F,placebo,4,176,94,86
S14,S14-003,57,F,placebo,8,155,97,75
S14,S14-003,57,F,placebo,12,164,97,84
S14,S14-004,64,F,placebo,0,161,119,86
S14,S14-004,64,F,placebo,4,150,110,67
S14,S14-004,64,F,placebo,8,162,80,74
S14,S14-004,64,F,placebo,12,158,92,68
S14,S14-005,58,M,active,0,130,92,59
S14,S14-005,58,M,active,4,149,100,75
S14,S14-005,58,M,active,8,159,88,63
S14,S14-005,58,M,active,12,147,92,76
S14,S14-006,60,F,placebo,0,161,75,58
S14,S14-006,60,F,placebo,4,140,81,74
S14,S14-006,60,F,placebo,8,156,111,58
S14,S14-006,60,F,placebo,12,150,93,78
S14,S14-007,56,M,placebo,0,152,87,68
S14,S14-007,56,M,placebo,4,144,96,68
S14,S14-007,56,M,placebo,8,165,85,80
S14,S14-007,56,M,placebo,12,156,90,69
S14,S14-008,54,F,placebo,0,158,83,73
S14,S14-008,54,F,placebo,4,181,88,70
S14,S14-008,54,F,placebo,8,160,90,77
S14,S14-008,54,F,placebo,12,167,103,81
S14,S14-009,68,F,active,0,159,99,80
S14,S14-009,68,F,active,4,146,98,68
S14,S14-009,68,F,active,8,133,90,83
S14,S14-009,68,F,active,12,146,95,64
S14,S14-010,38,M,active,0,119,88,65
S14,S14-010,38,M,active,4,155,86,70
S14,S14-010,38,M,active,8,151,94,81
S14,S14-010,38,M,active,12,140,86,61
S14,S14-011,63,M,active,0,154,95,80
S14,S14-011,63,M,active,4,134,91,72
S14,S14-011,63,M,active,8,166,101,68
S14,S14-011,63,M,active,12,138,99,80
S14,S14-012,53,F,active,0,142,90,65
S14,S14-012,53,F,active,4,158,78,90
S14,S14-012,53,F,active,8,148,80,70
S14,S14-012,53,F,active,12,138,80,73
S14,S14-013,39,F,placebo,0,149,102,90
S14,S14-013,39,F,placebo,4,154,102,74
S14,S14-013,39,F,placebo,8,171,80,83
S14,S14-013,39,F,placebo,12,157,87,54
S14,S14-014,48,F,placebo,0,155,82,68
S14,S14-014,48,F,placebo,4,165,95,76
S14,S14-014,48,F,placebo,8,150,93,82
S14,S14-014,48,F,placebo,12,156,100,79
S14,S14-015,58,F,active,0,157,99,78
S14,S14-015,58,F,active,4,159,100,82
S14,S14-015,58,F,active,8,141,80,76
S14,S14-015,58,F,active,12,128,83,53
S14,S14-016,59,F,placebo,0,167,103,85
S14,S14-016,59,F,placebo,4,174,90,64
S14,S14-016,59,F,placebo,8,138,80,75
S14,S14-016,59,F,placebo,12,153,100,74
S14,S14-017,65,M,active,0,149,90,72
S14,S14-017,65,M,active,4,163,102,62
S14,S14-017,65,M,active,8,150,90,55
S14,S14-017,65,M,active,12,188,86,63
S14,S14-018,66,F,active,0,150,107,80
S14,S14-018,66,F,active,4,172,82,59
S14,S14-018,66,F,active,8,169,103,64
S14,S14-018,66,F,active,12,150,83,76
S14,S14-019,43,F,placebo,0,156,96,63
S14,S14-019,43,F,placebo,4,155,96,67
S14,S14-019,43,F,placebo,8,152,90,70
S14,S14-019,43,F,placebo,12,166,87,75
S14,S14-020,62,M,active,0,143,92,63
S14,S14-020,62,M,active,4,149,84,73
S14,S14-020,62,M,active,8,143,107,76
S14,S14-020,62,M,active,12,120,84,61
S14,S14-021,65,M,placebo,0,167,105,70
S14,S14-021,65,M,placebo,4,168,103,66
S14,S14-021,65,M,placebo,8,144,97,73
S14,S14-021,65,M,placebo,12,165,90,79
S14,S14-022,60,F,placebo,0,134,97,70
S14,S14-022,60,F,placebo,4,154,99,80
S14,S14-022,60,F,placebo,8,151,95,79
S14,S14-022,60,F,placebo,12,150,80,80
S14,S14-023,63,F,placebo,0,156,80,76
S14,S14-023,63,F,placebo,4,153,107,82
S14,S14-023,63,F,placebo,8,147,71,75
S14,S14-023,63,F,placebo,12,150,95,57
S14,S14-024,39,M,active,0,173,93,65
S14,S14-024,39,M,active,4,143,94,70
S14,S14-024,39,M,active,8,177,80,71
S14,S14-024,39,M,active,12,130,90,75
S14,S14-025,48,F,placebo,0,160,97,65
S14,S14-025,48,F,placebo,4,161,118,90
S14,S14-025,48,F,placebo,8,148,95,70
S14,S14-025,48,F,placebo,12,170,104,72
S14,S14-026,72,M,active,0,162,82,66
S14,S14-026,72,M,active,4,148,101,63
S14,S14-026,72,M,active,8,166,92,71
S14,S14-026,72,M,active,12,129,90,72
S14,S14-027,55,M,placebo,0,147,97,71
S14,S14-027,55,M,placebo,4,161,109,87
S14,S14-027,55,M,placebo,8,163,96,71
S14,S14-027,55,M,placebo,12,155,86,71
S14,S14-028,80,M,placebo,0,153,90,79
S14,S14-028,80,M,placebo,4,150,101,70
S14,S14-028,80,M,placebo,8,168,97,77
S14,S14-028,80,M,placebo,12,154,80,60
S14,S14-029,45,M,active,0,143,99,61
S14,S14-029,45,M,active,4,138,80,70
S14,S14-029,45,M,active,8,167,94,70
S14,S14-029,45,M,active,12,133,81,65
S14,S14-030,74,F,active,0,159,90,73
S14,S14-030,74,F,active,4,169,88,74
S14,S14-030,74,F,active,8,154,103,66
S14,S14-030,74,F,active,12,133,91,67
S14,S14-031,52,M,placebo,0,141,106,74
S14,S14-031,52,M,placebo,4,179,119,63
S14,S14-031,52,M,placebo,8,138,94,67
S14,S14-031,52,M,placebo,12,144,106,77
S14,S14-032,67,M,placebo,0,160,89,72
S14,S14-032,67,M,placebo,4,151,105,68
S14,S14-032,67,M,placebo,8,160,87,64
S14,S14-032,67,M,placebo,12,130,93,63
S14,S14-033,55,F,active,0,152,100,71
S14,S14-033,55,F,active,4,160,100,90
S14,S14-033,55,F,active,8,156,80,77
S14,S14-033,55,F,active,12,135,81,60
S14,S14-034,59,M,placebo,0,141,100,78
S14,S14-034,59,M,placebo,4,157,91,65
S14,S14-034,59,M,placebo,8,135,82,72
S14,S14-034,59,M,placebo,12,168,92,67
S14,S14-035,64,F,placebo,0,160,94,90
S14,S14-035,64,F,placebo,4,144,96,62
S14,S14-035,64,F,placebo,8,138,98,75
S14,S14-035,64,F,placebo,12,142,97,66
S14,S14-036,52,F,active,0,134,88,79
S14,S14-036,52,F,active,4,158,89,75
S14,S14-036,52,F,active,8,140,98,80
S14,S14-036,52,F,active,12,148,83,78
S14,S14-037,66,M,active,0,162,92,70
S14,S14-037,66,M,active,4,164,80,98
S14,S14-037,66,M,active,8,150,90,77
S14,S14-037,66,M,active,12,158,91,67
S14,S14-038,55,F,placebo,0,174,78,74
S14,S14-038,55,F,placebo,4,157,80,78
S14,S14-038,55,F,placebo,8,157,82,77
S14,S14-038,55,F,placebo,12,143,100,76
S14,S14-039,60,F,active,0,140,79,81
S14,S14-039,60,F,active,4,168,92,80
S14,S14-039,60,F,active,8,155,96,64
S14,S14-039,60,F,active,12,152,90,91
S14,S14-040,32,F,active,0,147,91,90
S14,S14-040,32,F,active,4,173,96,79
S14,S14-040,32,F,active,8,140,99,72
S14,S14-040,32,F,active,12,132,87,73
S14,S14-041,55,M,active,0,147,76,69
S14,S14-041,55,M,active,4,172,102,70
S14,S14-041,55,M,active,8,130,94,52
S14,S14-041,55,M,active,12,133,88,86
S14,S14-042,71,F,placebo,0,194,80,83
S14,S14-042,71,F,placebo,4,166,92,57
S14,S14-042,71,F,placebo,8,142,86,80
S14,S14-042,71,F,placebo,12,136,83,72
S14,S14-043,65,M,active,0,132,94,70
S14,S14-043,65,M,active,4,152,88,80
S14,S14-043,65,M,active,8,157,86,56
S14,S14-043,65,M,active,12,164,94,72
S14,S14-044,67,F,placebo,0,129,97,73
S14,S14-044,67,F,placebo,4,136,90,73
S14,S14-044,67,F,placebo,8,151,88,60
S14,S14-044,67,F,placebo,12,189,89,76
S14,S14-045,59,F,placebo,0,167,93,82
S14,S14-045,59,F,placebo,4,159,99,76
S14,S14-045,59,F,placebo,8,136,85,70
S14,S14-045,59,F,placebo,12,122,105,96
S14,S14-046,75,F,active,0,156,100,64
S14,S14-046,75,F,active,4,150,69,79
S14,S14-046,75,F,active,8,143,91,74
S14,S14-046,75,F,active,12,138,100,90
S14,S14-047,61,F,active,0,140,98,75
S14,S14-047,61,F,active,4,138,89,77
S14,S14-047,61,F,active,8,166,90,77
S14,S14-047,61,F,active,12,131,90,62
S14,S14-048,51,M,placebo,0,151,100,64
S14,S14-048,51,M,placebo,4,153,82,70
S14,S14-048,51,M,placebo,8,162,89,81
S14,S14-048,51,M,placebo,12,140,110,74
S14,S14-049,67,F,active,0,168,95,70
S14,S14-049,67,F,active,4,143,106,84
S14,S14-049,67,F,active,8,145,116,54
S14,S14-049,67,F,active,12,165,84,60
S14,S14-050,67,F,active,0,142,85,50
S14,S14-050,67,F,active,4,161,90,83
S14,S14-050,67,F,active,8,161,100,71
S14,S14-050,67,F,active,12,147,99,81
S14,S14-051,64,M,placebo,0,153,114,71
S14,S14-051,64,M,placebo,4,182,90,81
S14,S14-051,64,M,placebo,8,152,98,71
S14,S14-051,64,M,placebo,12,154,87,76
S14,S14-052,54,F,placebo,0,150,74,74
S14,S14-052,54,F,placebo,4,156,94,75
S14,S14-052,54,F,placebo,8,165,84,87
S14,S14-052,54,F,placebo,12,147,98,57
S14,S14-053,61,F,active,0,127,79,71
S14,S14-053,61,F,active,4,158,86,74
S14,S14-053,61,F,active,8,130,93,72
S14,S14-053,61,F,active,12,153,91,68
S14,S14-054,72,M,placebo,0,155,95,70
S14,S14-054,72,M,placebo,4,166,110,86
S14,S14-054,72,M,placebo,8,140,107,71
S14,S14-054,72,M,placebo,12,144,87,94
S14,S14-055,63,F,placebo,0,150,109,77
S14,S14-055,63,F,placebo,4,134,109,69
S14,S14-055,63,F,placebo,8,167,93,77
S14,S14-055,63,F,placebo,12,129,90,73
S14,S14-056,43,F,placebo,0,170,95,84
S14,S14-056,43,F,placebo,4,159,89,61
S14,S14-056,43,F,placebo,8,150,89,56
S14,S14-056,43,F,placebo,12,156,104,75
S14,S14-057,52,M,active,0,159,99,80
S14,S14-057,52,M,active,4,146,88,75
S14,S14-057,52,M,active,8,151,82,78
S14,S14-057,52,M,active,12,153,82,77
S14,S14-058,51,F,active,0,142,94,59
S14,S14-058,51,F,active,4,156,100,75
S14,S14-058,51,F,active,8,112,83,84
S14,S14-058,51,F,active,12,117,96,74
S14,S14-059,50,F,placebo,0,163,97,60
S14,S14-059,50,F,placebo,4,148,96,69
S14,S14-059,50,F,placebo,8,141,102,77
S14,S14-059,50,F,placebo,12,150,100,88
S14,S14-060,37,F,active,0,150,83,54
S14,S14-060,37,F,active,4,138,83,75
S14,S14-060,37,F,active,8,125,88,64
S14,S14-060,37,F,active,12,116,91,77
S14,S14-061,77,M,placebo,0,165,107,77
S14,S14-061,77,M,placebo,4,148,95,70
S14,S14-061,77,M,placebo,8,165,108,78
S14,S14-061,77,M,placebo,12,145,87,82
S14,S14-062,49,F,placebo,0,160,90,71
S14,S14-062,49,F,placebo,4,152,92,60
S14,S14-062,49,F,placebo,8,153,87,85
S14,S14-062,49,F,placebo,12,152,103,79
S14,S14-063,50,M,placebo,0,149,71,77
S14,S14-063,50,M,placebo,4,137,90,66
S14,S14-063,50,M,placebo,8,163,103,81
S14,S14-063,50,M,placebo,12,173,90,90
S14,S14-064,39,M,active,0,177,104,71
S14,S14-064,39,M,active,4,144,111,73
S14,S14-064,39,M,active,8,137,91,62
S14,S14-064,39,M,active,12,136,98,66
S14,S14-065,67,F,active,0,153,116,62
S14,S14-065,67,F,active,4,150,96,73
S14,S14-065,67,F,active,8,134,90,69
S14,S14-065,67,F,active,12,123,96,75
S14,S14-066,57,F,active,0,156,105,64
S14,S14-066,57,F,active,4,103,92,70
S14,S14-066,57,F,active,8,146,86,63
S14,S14-066,57,F,active,12,130,103,74
S14,S14-067,54,F,placebo,0,166,93,57
S14,S14-067,54,F,placebo,4,168,104,73
S14,S14-067,54,F,placebo,8,167,96,69
S14,S14-067,54,F,placebo,12,150,109,74
S14,S14-068,55,M,active,0,140,88,57
S14,S14-068,55,M,active,4,140,80,78
S14,S14-068,55,M,active,8,151,100,69
S14,S14-068,55,M,active,12,121,78,74
S14,S14-069,64,M,active,0,174,96,55
S14,S14-069,64,M,active,4,147,106,61
S14,S14-069,64,M,active,8,154,75,68
S14,S14-069,64,M,active,12,119,91,84
S15,S15-001,41,F,active,0,166,105,64
S15,S15-001,41,F,active,4,154,104,67
S15,S15-001,41,F,active,8,158,100,69
S15,S15-001,41,F,active,12,148,86,71
S15,S15-002,65,M,active,0,134,87,64
S15,S15-002,65,M,active,4,132,80,66
S15,S15-002,65,M,active,8,133,83,68
S15,S15-002,65,M,active,12,119,84,60
S15,S15-003,48,F,placebo,0,164,100,85
S15,S15-003,48,F,placebo,4,175,102,97
S15,S15-003,48,F,placebo,8,159,99,89
S15,S15-003,48,F,placebo,12,157,100,88
S15,S15-004,47,F,active,0,155,89,88
S15,S15-004,47,F,active,4,154,84,79
S15,S15-004,47,F,active,8,138,80,82
S15,S15-004,47,F,active,12,153,87,81
S15,S15-005,71,F,placebo,0,156,100,81
S15,S15-005,71,F,placebo,4,140,101,80
S15,S15-005,71,F,placebo,8,147,98,79
S15,S15-005,71,F,placebo,12,142,100,78
S15,S15-006,68,F,placebo,0,172,99,66
S15,S15-006,68,F,placebo,4,170,102,80
S15,S15-006,68,F,placebo,8,170,104,65
S15,S15-006,68,F,placebo,12,161,106,70
S15,S15-007,55,F,active,0,149,103,73
S15,S15-007,55,F,active,4,155,92,75
S15,S15-007,55,F,active,8,140,85,79
S15,S15-007,55,F,active,12,123,80,83
S15,S15-008,30,F,active,0,147,99,76
S15,S15-008,30,F,active,4,158,97,80
S15,S15-008,30,F,active,8,145,86,75
S15,S15-008,30,F,active,12,132,93,80
S15,S15-009,63,M,active,0,170,109,67
S15,S15-009,63,M,active,4,169,105,70
S15,S15-009,63,M,active,8,152,103,59
S15,S15-009,63,M,active,12,155,96,69
S15,S15-010,65,M,active,0,152,92,68
S15,S15-010,65,M,active,4,154,87,67
S15,S15-010,65,M,active,8,137,82,73
S15,S15-010,65,M,active,12,145,71,75
S15,S15-011,63,F,placebo,0,143,89,63
S15,S15-011,63,F,placebo,4,125,92,59
S15,S15-011,63,F,placebo,8,149,90,60
S15,S15-011,63,F,placebo,12,146,90,60
S15,S15-012,63,M,active,0,145,105,73
S15,S15-012,63,M,active,4,142,101,75
S15,S15-012,63,M,active,8,135,102,75
S15,S15-012,63,M,active,12,130,90,70
S15,S15-013,56,F,placebo,0,143,96,89
S15,S15-013,56,F,placebo,4,140,102,80
S15,S15-013,56,F,placebo,8,140,102,91
S15,S15-013,56,F,placebo,12,130,101,80
S15,S15-014,54,F,active,0,138,96,73
S15,S15-014,54,F,active,4,141,92,86
S15,S15-014,54,F,active,8,125,90,78
S15,S15-014,54,F,active,12,123,91,81
S15,S15-015,47,F,placebo,0,160,91,69
S15,S15-015,47,F,placebo,4,160,99,83
S15,S15-015,47,F,placebo,8,157,84,80
S15,S15-015,47,F,placebo,12,144,100,79
S15,S15-016,51,F,active,0,151,91,51
S15,S15-016,51,F,active,4,127,94,54
S15,S15-016,51,F,active,8,125,84,50
S15,S15-016,51,F,active,12,116,87,55
S15,S15-017,61,F,placebo,0,140,86,65
S15,S15-017,61,F,placebo,4,132,81,73
S15,S15-017,61,F,placebo,8,125,84,65
S15,S15-017,61,F,placebo,12,122,77,65
S15,S15-018,61,F,placebo,0,159,95,71
S15,S15-018,61,F,placebo,4,150,106,74
S15,S15-018,61,F,placebo,8,160,103,71
S15,S15-018,61,F,placebo,12,154,101,75
S15,S15-019,66,M,placebo,0,150,86,70
S15,S15-019,66,M,placebo,4,148,89,73
S15,S15-019,66,M,placebo,8,140,83,76
S15,S15-019,66,M,placebo,12,130,87,71
S15,S15-020,44,F,active,0,152,102,80
S15,S15-020,44,F,active,4,140,103,77
S15,S15-020,44,F,active,8,144,97,81
S15,S15-020,44,F,active,12,137,89,72
S15,S15-021,41,M,placebo,0,166,100,67
S15,S15-021,41,M,placebo,4,161,96,71
S15,S15-021,41,M,placebo,8,174,96,72
S15,S15-021,41,M,placebo,12,163,100,70
S15,S15-022,54,M,active,0,169,92,59
S15,S15-022,54,M,active,4,150,92,72
S15,S15-022,54,M,active,8,147,84,60
S15,S15-022,54,M,active,12,140,90,70
S15,S15-023,48,F,active,0,174,105,81
S15,S15-023,48,F,active,4,173,107,69
S15,S15-023,48,F,active,8,167,96,73
S15,S15-023,48,F,active,12,140,93,70
S15,S15-024,60,M,active,0,160,93,74
S15,S15-024,60,M,active,4,154,80,66
S15,S15-024,60,M,active,8,149,79,70
S15,S15-024,60,M,active,12,157,80,75
S15,S15-025,45,F,placebo,0,180,120,66
S15,S15-025,45,F,placebo,4,170,115,60
S15,S15-025,45,F,placebo,8,160,108,71
S15,S15-025,45,F,placebo,12,155,108,61
S15,S15-026,70,F,active,0,152,90,87
S15,S15-026,70,F,active,4,149,88,89
S15,S15-026,70,F,active,8,123,79,87
S15,S15-026,70,F,active,12,135,78,97
S15,S15-027,50,F,active,0,154,94,71
S15,S15-027,50,F,active,4,142,97,67
S15,S15-027,50,F,active,8,153,83,71
S15,S15-027,50,F,active,12,150,83,69
S15,S15-028,74,M,active,0,141,91,54
S15,S15-028,74,M,active,4,133,94,55
S15,S15-028,74,M,active,8,145,88,52
S15,S15-028,74,M,active,12,127,88,55
S15,S15-029,63,F,placebo,0,151,98,84
S15,S15-029,63,F,placebo,4,134,96,79
S15,S15-029,63,F,placebo,8,145,96,91
S15,S15-029,63,F,placebo,12,143,99,84
S15,S15-030,47,M,placebo,0,157,88,66
S15,S15-030,47,M,placebo,4,159,91,62
S15,S15-030,47,M,placebo,8,143,86,62
S15,S15-030,47,M,placebo,12,149,90,61
S15,S15-031,79,M,placebo,0,130,82,83
S15,S15-031,79,M,placebo,4,128,86,84
S15,S15-031,79,M,placebo,8,131,81,79
S15,S15-031,79,M,placebo,12,135,78,77
S15,S15-032,61,F,active,0,166,90,60
S15,S15-032,61,F,active,4,163,96,70
S15,S15-032,61,F,active,8,150,80,64
S15,S15-032,61,F,active,12,145,81,62
S15,S15-033,60,M,active,0,156,88,77
S15,S15-033,60,M,active,4,151,83,75
S15,S15-033,60,M,active,8,141,85,70
S15,S15-033,60,M,active,12,139,81,71
S15,S15-034,57,M,placebo,0,156,99,73
S15,S15-034,57,M,placebo,4,155,98,69
S15,S15-034,57,M,placebo,8,154,97,74
S15,S15-034,57,M,placebo,12,154,92,72
S15,S15-035,63,M,placebo,0,136,88,84
S15,S15-035,63,M,placebo,4,130,80,80
S15,S15-035,63,M,placebo,8,140,83,81
S15,S15-035,63,M,placebo,12,136,87,83
S15,S15-036,63,F,active,0,174,110,68
S15,S15-036,63,F,active,4,161,108,80
S15,S15-036,63,F,active,8,153,100,64
S15,S15-036,63,F,active,12,148,91,67
S15,S15-037,49,M,placebo,0,175,108,60
S15,S15-037,49,M,placebo,4,177,113,64
S15,S15-037,49,M,placebo,8,170,111,66
S15,S15-037,49,M,placebo,12,160,100,70
S15,S15-038,56,F,active,0,168,107,73
S15,S15-038,56,F,active,4,167,108,70
S15,S15-038,56,F,active,8,166,100,68
S15,S15-038,56,F,active,12,148,100,69
S15,S15-039,59,M,placebo,0,179,101,70
S15,S15-039,59,M,placebo,4,180,100,72
S15,S15-039,59,M,placebo,8,171,106,67
S15,S15-039,59,M,placebo,12,169,97,74
S15,S15-040,64,F,active,0,150,97,53
S15,S15-040,64,F,active,4,150,92,55
S15,S15-040,64,F,active,8,151,82,55
S15,S15-040,64,F,active,12,146,86,63
S15,S15-041,64,F,active,0,143,97,68
S15,S15-041,64,F,active,4,144,95,60
S15,S15-041,64,F,active,8,127,95,71
S15,S15-041,64,F,active,12,136,86,75
S15,S15-042,60,M,placebo,0,160,99,94
S15,S15-042,60,M,placebo,4,168,86,91
S15,S15-042,60,M,placebo,8,146,100,98
S15,S15-042,60,M,placebo,12,149,99,103
S15,S15-043,52,M,active,0,152,100,60
S15,S15-043,52,M,active,4,140,89,50
S15,S15-043,52,M,active,8,144,94,60
S15,S15-043,52,M,active,12,142,91,59
S15,S15-044,52,M,active,0,126,79,70
S15,S15-044,52,M,active,4,131,85,79
S15,S15-044,52,M,active,8,121,81,76
S15,S15-044,52,M,active,12,130,71,79
S15,S15-045,46,M,active,0,165,105,66
S15,S15-045,46,M,active,4,156,97,72
S15,S15-045,46,M,active,8,149,90,70
S15,S15-045,46,M,active,12,155,97,71
S15,S15-046,64,F,placebo,0,159,88,93
S15,S15-046,64,F,placebo,4,145,93,81
S15,S15-046,64,F,placebo,8,145,87,81
S15,S15-046,64,F,placebo,12,142,90,91
S15,S15-047,52,F,placebo,0,146,87,63
S15,S15-047,52,F,placebo,4,124,88,68
S15,S15-047,52,F,placebo,8,142,80,60
S15,S15-047,52,F,placebo,12,131,84,63
S15,S15-048,56,F,placebo,0,148,97,76
S15,S15-048,56,F,placebo,4,145,100,74
S15,S15-048,56,F,placebo,8,147,98,66
S15,S15-048,56,F,placebo,12,141,94,84
S15,S15-049,60,M,placebo,0,160,87,78
S15,S15-049,60,M,placebo,4,157,94,72
S15,S15-049,60,M,placebo,8,144,80,80
S15,S15-049,60,M,placebo,12,153,90,79
S15,S15-050,58,M,placebo,0,152,105,75
S15,S15-050,58,M,placebo,4,153,102,74
S15,S15-050,58,M,placebo,8,161,107,70
S15,S15-050,58,M,placebo,12,146,102,60
S15,S15-051,58,F,placebo,0,160,90,70
S15,S15-051,58,F,placebo,4,155,85,59
S15,S15-051,58,F,placebo,8,149,88,71
S15,S15-051,58,F,placebo,12,151,88,63
S15,S15-052,49,F,placebo,0,172,94,74
S15,S15-052,49,F,placebo,4,162,91,69
S15,S15-052,49,F,placebo,8,164,88,70
S15,S15-052,49,F,placebo,12,160,93,69
S15,S15-053,61,F,active,0,137,75,72
S15,S15-053,61,F,active,4,145,78,67
S15,S15-053,61,F,active,8,139,69,73
S15,S15-053,61,F,active,12,126,81,67
S15,S15-054,55,M,placebo,0,151,99,69
S15,S15-054,55,M,placebo,4,152,94,70
S15,S15-054,55,M,placebo,8,154,100,70
S15,S15-054,55,M,placebo,12,144,98,66
S15,S15-055,57,M,active,0,136,96,82
S15,S15-055,57,M,active,4,140,91,78
S15,S15-055,57,M,active,8,140,88,82
S15,S15-055,57,M,active,12,135,90,79
S15,S15-056,70,F,placebo,0,164,108,78
S15,S15-056,70,F,placebo,4,178,110,74
S15,S15-056,70,F,placebo,8,166,109,72
S15,S15-056,70,F,placebo,12,166,105,77
S15,S15-057,63,F,active,0,143,102,74
S15,S15-057,63,F,active,4,150,95,82
S15,S15-057,63,F,active,8,143,94,77
S15,S15-057,63,F,active,12,138,87,71
S15,S15-058,52,F,placebo,0,143,96,70
S15,S15-058,52,F,placebo,4,156,106,71
S15,S15-058,52,F,placebo,8,150,93,79
S15,S15-058,52,F,placebo,12,153,98,78
S15,S15-059,57,F,placebo,0,167,95,79
S15,S15-059,57,F,placebo,4,165,87,81
S15,S15-059,57,F,placebo,8,160,97,79
S15,S15-059,57,F,placebo,12,176,92,83
S15,S15-060,74,F,active,0,167,99,80
S15,S15-060,74,F,active,4,159,100,85
S15,S15-060,74,F,active,8,161,95,82
S15,S15-060,74,F,active,12,156,93,80
S15,S15-061,55,F,active,0,179,103,72
S15,S15-061,55,F,active,4,159,107,76
S15,S15-061,55,F,active,8,160,100,74
S15,S15-061,55,F,active,12,160,91,76
S15,S15-062,58,M,active,0,142,100,79
S15,S15-062,58,M,active,4,136,96,75
S15,S15-062,58,M,active,8,138,96,75
S15,S15-062,58,M,active,12,128,97,84
S15,S15-063,65,M,active,0,159,96,54
S15,S15-063,65,M,active,4,162,93,68
S15,S15-063,65,M,active,8,146,94,58
S15,S15-063,65,M,active,12,142,84,69
S15,S15-064,60,F,active,0,163,96,54
S15,S15-064,60,F,active,4,154,98,57
S15,S15-064,60,F,active,8,153,102,64
S15,S15-064,60,F,active,12,138,92,53
S15,S15-065,54,M,active,0,161,87,85
S15,S15-065,54,M,active,4,152,84,84
S15,S15-065,54,M,active,8,143,80,83
S15,S15-065,54,M,active,12,139,71,85
S15,S15-066,51,F,active,0,157,99,67
S15,S15-066,51,F,active,4,145,93,64
S15,S15-066,51,F,active,8,143,99,68
S15,S15-066,51,F,active,12,143,94,71
S15,S15-067,58,M,placebo,0,167,100,70
S15,S15-067,58,M,placebo,4,160,108,73
S15,S15-067,58,M,placebo,8,169,102,80
S15,S15-067,58,M,placebo,12,171,93,68
S15,S15-068,65,M,placebo,0,173,99,70
S15,S15-068,65,M,placebo,4,169,110,60
S15,S15-068,65,M,placebo,8,169,95,63
S15,S15-068,65,M,placebo,12,169,98,67
S15,S15-069,71,M,placebo,0,165,95,68
S15,S15-069,71,M,placebo,4,151,95,64
S15,S15-069,71,M,placebo,8,170,96,60
S15,S15-069,71,M,placebo,12,156,93,59
S15,S15-070,43,M,placebo,0,150,89,64
S15,S15-070,43,M,placebo,4,148,98,74
S15,S15-070,43,M,placebo,8,168,90,65
S15,S15-070,43,M,placebo,12,154,92,68
S15,S15-071,76,F,placebo,0,175,114,73
S15,S15-071,76,F,placebo,4,176,105,73
S15,S15-071,76,F,placebo,8,179,105,77
S15,S15-071,76,F,placebo,12,182,111,76
S15,S15-072,55,M,active,0,151,91,67
S15,S15-072,55,M,active,4,139,93,62
S15,S15-072,55,M,active,8,141,94,68
S15,S15-072,55,M,active,12,130,78,74
S15,S15-073,67,M,placebo,0,141,90,66
S15,S15-073,67,M,placebo,4,133,89,70
S15,S15-073,67,M,placebo,8,127,90,55
S15,S15-073,67,M,placebo,12,134,86,70
S15,S15-074,51,F,placebo,0,153,100,60
S15,S15-074,51,F,placebo,4,146,101,71
S15,S15-074,51,F,placebo,8,152,100,70
S15,S15-074,51,F,placebo,12,149,103,62
S15,S15-075,42,F,active,0,162,96,82
S15,S15-075,42,F,active,4,154,97,86
S15,S15-075,42,F,active,8,143,90,87
S15,S15-075,42,F,active,12,129,82,80
S16,S16-001,63,F,active,0,146,99,62
S16,S16-001,63,F,active,4,141,101,70
S16,S16-001,63,F,active,8,145,97,66
S16,S16-001,63,F,active,12,142,92,70
S16,S16-002,46,F,active,0,141,84,71
S16,S16-002,46,F,active,4,133,83,70
S16,S16-002,46,F,active,8,132,92,67
S16,S16-002,46,F,active,12,123,83,70
S16,S16-003,55,F,placebo,0,153,96,66
S16,S16-003,55,F,placebo,4,153,86,64
S16,S16-003,55,F,placebo,8,144,89,62
S16,S16-003,55,F,placebo,12,142,93,64
S16,S16-004,48,F,active,0,140,84,65
S16,S16-004,48,F,active,4,133,84,74
S16,S16-004,48,F,active,8,132,82,61
S16,S16-004,48,F,active,12,127,82,68
S16,S16-005,62,F,active,0,173,98,64
S16,S16-005,62,F,active,4,162,97,64
S16,S16-005,62,F,active,8,156,98,67
S16,S16-005,62,F,active,12,142,92,62
S16,S16-006,47,M,placebo,0,157,92,80
S16,S16-006,47,M,placebo,4,157,93,66
S16,S16-006,47,M,placebo,8,154,89,68
S16,S16-006,47,M,placebo,12,166,93,68
S16,S16-007,68,M,placebo,0,157,95,74
S16,S16-007,68,M,placebo,4,155,93,77
S16,S16-007,68,M,placebo,8,158,95,75
S16,S16-007,68,M,placebo,12,167,84,79
S16,S16-008,60,M,placebo,0,143,86,60
S16,S16-008,60,M,placebo,4,127,91,66
S16,S16-008,60,M,placebo,8,142,83,62
S16,S16-008,60,M,placebo,12,133,82,64
S16,S16-009,68,F,placebo,0,135,88,85
S16,S16-009,68,F,placebo,4,154,87,74
S16,S16-009,68,F,placebo,8,150,84,89
S16,S16-009,68,F,placebo,12,134,92,80
S16,S16-010,34,F,placebo,0,124,90,64
S16,S16-010,34,F,placebo,4,128,84,68
S16,S16-010,34,F,placebo,8,120,81,71
S16,S16-010,34,F,placebo,12,123,87,68
S16,S16-011,40,M,placebo,0,171,94,76
S16,S16-011,40,M,placebo,4,171,105,84
S16,S16-011,40,M,placebo,8,164,98,81
S16,S16-011,40,M,placebo,12,175,97,87
S16,S16-012,71,M,active,0,146,88,70
S16,S16-012,71,M,active,4,133,89,83
S16,S16-012,71,M,active,8,129,72,76
S16,S16-012,71,M,active,12,130,74,75
S16,S16-013,51,M,placebo,0,140,92,75
S16,S16-013,51,M,placebo,4,149,94,65
S16,S16-013,51,M,placebo,8,129,82,71
S16,S16-013,51,M,placebo,12,141,79,80
S16,S16-014,43,F,placebo,0,172,103,67
S16,S16-014,43,F,placebo,4,163,103,68
S16,S16-014,43,F,placebo,8,181,100,66
S16,S16-014,43,F,placebo,12,180,98,74
S16,S16-015,56,M,placebo,0,159,95,76
S16,S16-015,56,M,placebo,4,161,100,72
S16,S16-015,56,M,placebo,8,154,100,87
S16,S16-015,56,M,placebo,12,154,97,71
S16,S16-016,60,M,active,0,150,80,72
S16,S16-016,60,M,active,4,145,88,69
S16,S16-016,60,M,active,8,159,86,70
S16,S16-016,60,M,active,12,144,77,68
S16,S16-017,56,F,placebo,0,160,99,77
S16,S16-017,56,F,placebo,4,153,97,83
S16,S16-017,56,F,placebo,8,157,96,71
S16,S16-017,56,F,placebo,12,146,99,84
S16,S16-018,63,F,placebo,0,162,96,89
S16,S16-018,63,F,placebo,4,159,98,87
S16,S16-018,63,F,placebo,8,173,97,85
S16,S16-018,63,F,placebo,12,155,92,86
S16,S16-019,61,M,placebo,0,150,104,72
S16,S16-019,61,M,placebo,4,144,99,59
S16,S16-019,61,M,placebo,8,150,89,69
S16,S16-019,61,M,placebo,12,151,92,63
S16,S16-020,61,M,placebo,0,143,72,80
S16,S16-020,61,M,placebo,4,135,79,74
S16,S16-020,61,M,placebo,8,132,85,80
S16,S16-020,61,M,placebo,12,135,89,71
S16,S16-021,71,M,active,0,162,97,70
S16,S16-021,71,M,active,4,174,96,76
S16,S16-021,71,M,active,8,151,94,82
S16,S16-021,71,M,active,12,151,96,79
S16,S16-022,58,F,placebo,0,166,90,78
S16,S16-022,58,F,placebo,4,156,105,79
S16,S16-022,58,F,placebo,8,160,92,74
S16,S16-022,58,F,placebo,12,155,88,78
S16,S16-023,58,M,active,0,171,108,66
S16,S16-023,58,M,active,4,166,104,67
S16,S16-023,58,M,active,8,161,107,68
S16,S16-023,58,M,active,12,151,96,70
S16,S16-024,66,M,active,0,152,90,68
S16,S16-024,66,M,active,4,140,90,68
S16,S16-024,66,M,active,8,124,91,66
S16,S16-024,66,M,active,12,127,86,68
S16,S16-025,64,M,active,0,137,99,70
S16,S16-025,64,M,active,4,149,90,63
S16,S16-025,64,M,active,8,143,92,69
S16,S16-025,64,M,active,12,141,81,65
S16,S16-026,49,M,active,0,155,91,68
S16,S16-026,49,M,active,4,155,91,65
S16,S16-026,49,M,active,8,158,90,71
S16,S16-026,49,M,active,12,157,80,71
S16,S16-027,57,M,placebo,0,149,92,61
S16,S16-027,57,M,placebo,4,133,92,67
S16,S16-027,57,M,placebo,8,140,90,71
S16,S16-027,57,M,placebo,12,141,94,61
S16,S16-028,62,M,active,0,120,90,68
S16,S16-028,62,M,active,4,115,90,74
S16,S16-028,62,M,active,8,115,86,66
S16,S16-028,62,M,active,12,130,91,68
S16,S16-029,52,M,placebo,0,151,105,62
S16,S16-029,52,M,placebo,4,156,98,69
S16,S16-029,52,M,placebo,8,153,110,63
S16,S16-029,52,M,placebo,12,151,95,65
S16,S16-030,53,M,active,0,164,97,72
S16,S16-030,53,M,active,4,167,87,80
S16,S16-030,53,M,active,8,157,91,72
S16,S16-030,53,M,active,12,149,88,70
S16,S16-031,44,M,placebo,0,154,88,67
S16,S16-031,44,M,placebo,4,145,91,75
S16,S16-031,44,M,placebo,8,154,98,76
S16,S16-031,44,M,placebo,12,146,87,77
S16,S16-032,30,F,placebo,0,158,100,68
S16,S16-032,30,F,placebo,4,164,99,72
S16,S16-032,30,F,placebo,8,157,97,83
S16,S16-032,30,F,placebo,12,156,90,72
S16,S16-033,54,M,active,0,168,98,68
S16,S16-033,54,M,active,4,152,93,70
S16,S16-033,54,M,active,8,158,96,72
S16,S16-033,54,M,active,12,158,91,72
S16,S16-034,59,F,placebo,0,163,108,70
S16,S16-034,59,F,placebo,4,168,109,70
S16,S16-034,59,F,placebo,8,150,103,71
S16,S16-034,59,F,placebo,12,147,112,70
S16,S16-035,47,F,placebo,0,162,92,65
S16,S16-035,47,F,placebo,4,160,91,77
S16,S16-035,47,F,placebo,8,150,100,68
S16,S16-035,47,F,placebo,12,156,92,69
S16,S16-036,72,M,active,0,188,101,77
S16,S16-036,72,M,active,4,169,102,80
S16,S16-036,72,M,active,8,171,101,80
S16,S16-036,72,M,active,12,172,96,76
S16,S16-037,48,F,placebo,0,159,90,73
S16,S16-037,48,F,placebo,4,144,81,71
S16,S16-037,48,F,placebo,8,149,86,68
S16,S16-037,48,F,placebo,12,135,88,66
S16,S16-038,67,M,placebo,0,165,103,79
S16,S16-038,67,M,placebo,4,161,91,74
S16,S16-038,67,M,placebo,8,152,99,70
S16,S16-038,67,M,placebo,12,150,94,79
S16,S16-039,62,M,active,0,144,101,59
S16,S16-039,62,M,active,4,140,91,65
S16,S16-039,62,M,active,8,126,95,51
S16,S16-039,62,M,active,12,140,83,60
S16,S16-040,80,F,placebo,0,139,93,82
S16,S16-040,80,F,placebo,4,146,91,78
S16,S16-040,80,F,placebo,8,141,101,80
S16,S16-040,80,F,placebo,12,142,90,74
S16,S16-041,63,F,active,0,175,105,69
S16,S16-041,63,F,active,4,173,107,68
S16,S16-041,63,F,active,8,170,99,68
S16,S16-041,63,F,active,12,167,96,76
S16,S16-042,44,F,active,0,134,82,70
S16,S16-042,44,F,active,4,144,82,68
S16,S16-042,44,F,active,8,127,67,68
S16,S16-042,44,F,active,12,128,76,61
S16,S16-043,69,F,active,0,151,101,61
S16,S16-043,69,F,active,4,153,98,57
S16,S16-043,69,F,active,8,146,91,58
S16,S16-043,69,F,active,12,145,95,59
S16,S16-044,75,F,placebo,0,194,101,62
S16,S16-044,75,F,placebo,4,176,114,57
S16,S16-044,75,F,placebo,8,183,105,62
S16,S16-044,75,F,placebo,12,176,98,62
S16,S16-045,40,M,placebo,0,172,99,64
S16,S16-045,40,M,placebo,4,163,103,74
S16,S16-045,40,M,placebo,8,166,99,63
S16,S16-045,40,M,placebo,12,157,94,73
S16,S16-046,64,M,active,0,155,77,75
S16,S16-046,64,M,active,4,140,74,83
S16,S16-046,64,M,active,8,133,69,79
S16,S16-046,64,M,active,12,130,60,81
S16,S16-047,67,F,placebo,0,141,91,74
S16,S16-047,67,F,placebo,4,144,85,65
S16,S16-047,67,F,placebo,8,147,93,62
S16,S16-047,67,F,placebo,12,133,93,69
S16,S16-048,56,M,active,0,144,88,50
S16,S16-048,56,M,active,4,143,86,55
S16,S16-048,56,M,active,8,135,84,51
S16,S16-048,56,M,active,12,135,82,51
S16,S16-049,34,M,active,0,175,94,72
S16,S16-049,34,M,active,4,171,92,78
S16,S16-049,34,M,active,8,173,89,74
S16,S16-049,34,M,active,12,157,91,71
S16,S16-050,55,M,placebo,0,145,95,64
S16,S16-050,55,M,placebo,4,142,89,63
S16,S16-050,55,M,placebo,8,143,87,65
S16,S16-050,55,M,placebo,12,142,99,61
S16,S16-051,52,F,active,0,148,89,78
S16,S16-051,52,F,active,4,143,84,80
S16,S16-051,52,F,active,8,136,82,74
S16,S16-051,52,F,active,12,137,78,82
S16,S16-052,73,F,active,0,164,110,69
S16,S16-052,73,F,active,4,157,105,64
S16,S16-052,73,F,active,8,155,109,64
S16,S16-052,73,F,active,12,154,101,68
S16,S16-053,57,M,active,0,129,89,68
S16,S16-053,57,M,active,4,127,80,73
S16,S16-053,57,M,active,8,120,87,69
S16,S16-053,57,M,active,12,124,90,71
S16,S16-054,54,M,placebo,0,147,85,78
S16,S16-054,54,M,placebo,4,132,80,81
S16,S16-054,54,M,placebo,8,137,86,87
S16,S16-054,54,M,placebo,12,150,81,81
S16,S16-055,52,F,active,0,158,108,75
S16,S16-055,52,F,active,4,153,103,73
S16,S16-055,52,F,active,8,141,90,77
S16,S16-055,52,F,active,12,142,92,83
S16,S16-056,61,F,placebo,0,160,100,57
S16,S16-056,61,F,placebo,4,149,97,62
S16,S16-056,61,F,placebo,8,150,101,55
S16,S16-056,61,F,placebo,12,150,103,60
S16,S16-057,59,F,active,0,130,85,64
S16,S16-057,59,F,active,4,127,80,57
S16,S16-057,59,F,active,8,130,70,61
S16,S16-057,59,F,active,12,122,75,64
S16,S16-058,50,F,active,0,158,94,58
S16,S16-058,50,F,active,4,144,83,59
S16,S16-058,50,F,active,8,153,90,54
S16,S16-058,50,F,active,12,154,79,59
S16,S16-059,61,M,placebo,0,168,88,90
S16,S16-059,61,M,placebo,4,168,85,96
S16,S16-059,61,M,placebo,8,164,81,84
S16,S16-059,61,M,placebo,12,160,87,92
S16,S16-060,52,M,active,0,148,91,65
S16,S16-060,52,M,active,4,136,86,70
S16,S16-060,52,M,active,8,139,76,65
S16,S16-060,52,M,active,12,132,87,66
S16,S16-061,32,F,active,0,173,99,83
S16,S16-061,32,F,active,4,174,101,86
S16,S16-061,32,F,active,8,162,96,80
S16,S16-061,32,F,active,12,158,95,80
S16,S16-062,65,M,active,0,164,97,61
S16,S16-062,65,M,active,4,159,91,70
S16,S16-062,65,M,active,8,151,98,69
S16,S16-062,65,M,active,12,147,93,67
S16,S16-063,64,F,active,0,145,85,61
S16,S16-063,64,F,active,4,130,88,64
S16,S16-063,64,F,active,8,134,85,64
S16,S16-063,64,F,active,12,128,85,65
S17,S17-001,75,F,placebo,0,165,94,86
S17,S17-001,75,F,placebo,4,154,102,88
S17,S17-001,75,F,placebo,8,154,108,87
S17,S17-001,75,F,placebo,12,148,96,82
S17,S17-002,58,M,placebo,0,179,103,78
S17,S17-002,58,M,placebo,4,157,106,72
S17,S17-002,58,M,placebo,8,154,111,68
S17,S17-002,58,M,placebo,12,164,114,72
S17,S17-003,33,F,placebo,0,165,97,85
S17,S17-003,33,F,placebo,4,144,89,83
S17,S17-003,33,F,placebo,8,158,93,83
S17,S17-003,33,F,placebo,12,156,100,88
S17,S17-004,53,M,placebo,0,167,97,85
S17,S17-004,53,M,placebo,4,164,99,70
S17,S17-004,53,M,placebo,8,150,99,83
S17,S17-004,53,M,placebo,12,154,91,78
S17,S17-005,48,F,placebo,0,135,92,67
S17,S17-005,48,F,placebo,4,143,90,71
S17,S17-005,48,F,placebo,8,139,78,55
S17,S17-005,48,F,placebo,12,132,80,69
S17,S17-006,57,M,active,0,155,83,57
S17,S17-006,57,M,active,4,144,88,50
S17,S17-006,57,M,active,8,159,80,46
S17,S17-006,57,M,active,12,147,82,59
S17,S17-007,44,F,placebo,0,134,86,61
S17,S17-007,44,F,placebo,4,136,86,70
S17,S17-007,44,F,placebo,8,132,87,72
S17,S17-007,44,F,placebo,12,124,85,70
S17,S17-008,62,F,placebo,0,167,107,74
S17,S17-008,62,F,placebo,4,175,108,71
S17,S17-008,62,F,placebo,8,166,107,74
S17,S17-008,62,F,placebo,12,161,105,69
S17,S17-009,55,M,active,0,156,93,73
S17,S17-009,55,M,active,4,133,99,76
S17,S17-009,55,M,active,8,123,87,69
S17,S17-009,55,M,active,12,134,91,78
S17,S17-010,53,F,active,0,141,90,53
S17,S17-010,53,F,active,4,142,92,65
S17,S17-010,53,F,active,8,145,93,65
S17,S17-010,53,F,active,12,120,81,60
S17,S17-011,59,F,active,0,135,90,70
S17,S17-011,59,F,active,4,140,88,72
S17,S17-011,59,F,active,8,131,87,76
S17,S17-011,59,F,active,12,121,86,75
S17,S17-012,57,M,active,0,165,89,69
S17,S17-012,57,M,active,4,146,85,74
S17,S17-012,57,M,active,8,144,92,74
S17,S17-012,57,M,active,12,147,80,74
S17,S17-013,57,M,placebo,0,154,100,76
S17,S17-013,57,M,placebo,4,154,105,81
S17,S17-013,57,M,placebo,8,139,100,84
S17,S17-013,57,M,placebo,12,151,106,82
S17,S17-014,56,F,active,0,174,109,71
S17,S17-014,56,F,active,4,166,101,76
S17,S17-014,56,F,active,8,169,97,70
S17,S17-014,56,F,active,12,166,89,66
S17,S17-015,58,F,placebo,0,173,93,72
S17,S17-015,58,F,placebo,4,163,97,76
S17,S17-015,58,F,placebo,8,155,90,70
S17,S17-015,58,F,placebo,12,152,88,74
S17,S17-016,61,M,placebo,0,145,90,76
S17,S17-016,61,M,placebo,4,136,92,79
S17,S17-016,61,M,placebo,8,140,87,68
S17,S17-016,61,M,placebo,12,139,91,75
S17,S17-017,60,F,placebo,0,129,85,79
S17,S17-017,60,F,placebo,4,134,90,79
S17,S17-017,60,F,placebo,8,123,89,80
S17,S17-017,60,F,placebo,12,110,90,79
S17,S17-018,69,M,placebo,0,114,85,71
S17,S17-018,69,M,placebo,4,123,79,70
S17,S17-018,69,M,placebo,8,119,81,74
S17,S17-018,69,M,placebo,12,114,87,65
S17,S17-019,53,F,active,0,151,85,46
S17,S17-019,53,F,active,4,138,91,40
S17,S17-019,53,F,active,8,127,81,45
S17,S17-019,53,F,active,12,123,79,50
S17,S17-020,60,F,active,0,134,85,74
S17,S17-020,60,F,active,4,124,81,73
S17,S17-020,60,F,active,8,134,83,67
S17,S17-020,60,F,active,12,129,87,67
S17,S17-021,82,M,active,0,144,90,78
S17,S17-021,82,M,active,4,153,97,67
S17,S17-021,82,M,active,8,150,86,76
S17,S17-021,82,M,active,12,142,82,72
S17,S17-022,58,M,placebo,0,162,96,60
S17,S17-022,58,M,placebo,4,160,97,58
S17,S17-022,58,M,placebo,8,144,94,60
S17,S17-022,58,M,placebo,12,143,93,64
S17,S17-023,58,F,active,0,149,96,56
S17,S17-023,58,F,active,4,141,86,66
S17,S17-023,58,F,active,8,133,80,59
S17,S17-023,58,F,active,12,135,74,63
S17,S17-024,45,F,active,0,152,99,70
S17,S17-024,45,F,active,4,145,89,74
S17,S17-024,45,F,active,8,136,87,66
S17,S17-024,45,F,active,12,112,90,68
S17,S17-025,51,M,active,0,142,108,65
S17,S17-025,51,M,active,4,154,97,71
S17,S17-025,51,M,active,8,152,93,76
S17,S17-025,51,M,active,12,140,90,72
S17,S17-026,57,M,placebo,0,132,85,82
S17,S17-026,57,M,placebo,4,141,85,75
S17,S17-026,57,M,placebo,8,137,85,71
S17,S17-026,57,M,placebo,12,138,89,75
S17,S17-027,63,F,placebo,0,139,91,48
S17,S17-027,63,F,placebo,4,151,96,51
S17,S17-027,63,F,placebo,8,159,90,49
S17,S17-027,63,F,placebo,12,150,88,54
S17,S17-028,64,M,placebo,0,167,106,58
S17,S17-028,64,M,placebo,4,161,101,63
S17,S17-028,64,M,placebo,8,160,100,58
S17,S17-028,64,M,placebo,12,167,100,54
S17,S17-029,61,F,active,0,143,94,87
S17,S17-029,61,F,active,4,139,88,69
S17,S17-029,61,F,active,8,137,90,81
S17,S17-029,61,F,active,12,137,82,82
S17,S17-030,66,M,active,0,147,102,70
S17,S17-030,66,M,active,4,156,96,72
S17,S17-030,66,M,active,8,146,96,71
S17,S17-030,66,M,active,12,148,93,72
S17,S17-031,48,M,active,0,115,80,70
S17,S17-031,48,M,active,4,128,81,66
S17,S17-031,48,M,active,8,127,80,72
S17,S17-031,48,M,active,12,117,81,68
S17,S17-032,63,M,placebo,0,127,102,58
S17,S17-032,63,M,placebo,4,130,96,66
S17,S17-032,63,M,placebo,8,130,101,68
S17,S17-032,63,M,placebo,12,124,91,66
S17,S17-033,58,M,active,0,159,85,76
S17,S17-033,58,M,active,4,159,86,72
S17,S17-033,58,M,active,8,147,88,76
S17,S17-033,58,M,active,12,131,75,73
S17,S17-034,59,M,active,0,171,81,77
S17,S17-034,59,M,active,4,159,78,65
S17,S17-034,59,M,active,8,156,86,72
S17,S17-034,59,M,active,12,153,80,64
S17,S17-035,54,M,active,0,154,93,70
S17,S17-035,54,M,active,4,156,87,60
S17,S17-035,54,M,active,8,142,84,62
S17,S17-035,54,M,active,12,149,80,62
S17,S17-036,48,F,placebo,0,178,99,61
S17,S17-036,48,F,placebo,4,184,90,62
S17,S17-036,48,F,placebo,8,175,96,70
S17,S17-036,48,F,placebo,12,169,97,60
S17,S17-037,46,F,placebo,0,146,86,68
S17,S17-037,46,F,placebo,4,129,86,66
S17,S17-037,46,F,placebo,8,126,82,68
S17,S17-037,46,F,placebo,12,121,77,66
S17,S17-038,61,M,placebo,0,151,87,92
S17,S17-038,61,M,placebo,4,151,87,84
S17,S17-038,61,M,placebo,8,142,83,78
S17,S17-038,61,M,placebo,12,133,81,89
S17,S17-039,63,M,placebo,0,153,101,62
S17,S17-039,63,M,placebo,4,150,85,74
S17,S17-039,63,M,placebo,8,144,92,67
S17,S17-039,63,M,placebo,12,145,93,65
S17,S17-040,57,M,active,0,160,91,89
S17,S17-040,57,M,active,4,149,89,78
S17,S17-040,57,M,active,8,149,85,77
S17,S17-040,57,M,active,12,132,84,81
S17,S17-041,58,F,active,0,154,100,74
S17,S17-041,58,F,active,4,139,94,75
S17,S17-041,58,F,active,8,144,106,65
S17,S17-041,58,F,active,12,137,90,73
S17,S17-042,51,F,active,0,141,95,68
S17,S17-042,51,F,active,4,129,90,66
S17,S17-042,51,F,active,8,129,87,70
S17,S17-042,51,F,active,12,127,90,62
S17,S17-043,63,F,active,0,159,97,71
S17,S17-043,63,F,active,4,163,103,66
S17,S17-043,63,F,active,8,153,96,65
S17,S17-043,63,F,active,12,142,95,66
S17,S17-044,59,F,placebo,0,153,94,82
S17,S17-044,59,F,placebo,4,151,91,87
S17,S17-044,59,F,placebo,8,148,88,78
S17,S17-044,59,F,placebo,12,149,96,81
S17,S17-045,54,F,active,0,152,98,74
S17,S17-045,54,F,active,4,139,94,71
S17,S17-045,54,F,active,8,136,100,76
S17,S17-045,54,F,active,12,140,92,72
S17,S17-046,67,M,placebo,0,160,95,60
S17,S17-046,67,M,placebo,4,164,108,68
S17,S17-046,67,M,placebo,8,163,99,72
S17,S17-046,67,M,placebo,12,145,104,66
S17,S17-047,64,M,active,0,151,101,68
S17,S17-047,64,M,active,4,145,102,68
S17,S17-047,64,M,active,8,139,95,67
S17,S17-047,64,M,active,12,139,97,74
S17,S17-048,43,F,placebo,0,148,94,81
S17,S17-048,43,F,placebo,4,147,108,72
S17,S17-048,43,F,placebo,8,145,93,85
S17,S17-048,43,F,placebo,12,148,95,84
S17,S17-049,58,F,active,0,164,84,52
S17,S17-049,58,F,active,4,134,89,38
S17,S17-049,58,F,active,8,146,81,49
S17,S17-049,58,F,active,12,134,85,53
S17,S17-050,48,M,placebo,0,139,87,76
S17,S17-050,48,M,placebo,4,128,93,75
S17,S17-050,48,M,placebo,8,144,85,78
S17,S17-050,48,M,placebo,12,130,90,75
S17,S17-051,59,F,placebo,0,145,89,81
S17,S17-051,59,F,placebo,4,149,87,77
S17,S17-051,59,F,placebo,8,130,87,77
S17,S17-051,59,F,placebo,12,144,90,80
S17,S17-052,30,F,placebo,0,145,100,64
S17,S17-052,30,F,placebo,4,131,92,62
S17,S17-052,30,F,placebo,8,136,87,66
S17,S17-052,30,F,placebo,12,143,90,68
S17,S17-053,60,F,active,0,154,94,77
S17,S17-053,60,F,active,4,139,98,77
S17,S17-053,60,F,active,8,146,93,73
S17,S17-053,60,F,active,12,148,84,73
S17,S17-054,65,F,active,0,135,90,74
S17,S17-054,65,F,active,4,124,91,77
S17,S17-054,65,F,active,8,126,91,69
S17,S17-054,65,F,active,12,127,82,76
S17,S17-055,57,M,active,0,168,91,74
S17,S17-055,57,M,active,4,163,82,56
S17,S17-055,57,M,active,8,153,83,63
S17,S17-055,57,M,active,12,146,82,64
S17,S17-056,46,M,active,0,153,91,81
S17,S17-056,46,M,active,4,143,93,80
S17,S17-056,46,M,active,8,151,90,81
S17,S17-056,46,M,active,12,131,85,77
S17,S17-057,78,M,placebo,0,140,98,69
S17,S17-057,78,M,placebo,4,137,91,78
S17,S17-057,78,M,placebo,8,138,92,77
S17,S17-057,78,M,placebo,12,140,84,71
S17,S17-058,70,M,placebo,0,180,107,69
S17,S17-058,70,M,placebo,4,170,102,68
S17,S17-058,70,M,placebo,8,163,107,64
S17,S17-058,70,M,placebo,12,165,97,74
S17,S17-059,53,F,placebo,0,150,91,76
S17,S17-059,53,F,placebo,4,153,80,72
S17,S17-059,53,F,placebo,8,143,91,73
S17,S17-059,53,F,placebo,12,146,87,73
S17,S17-060,55,F,active,0,145,78,79
S17,S17-060,55,F,active,4,131,71,72
S17,S17-060,55,F,active,8,119,66,80
S17,S17-060,55,F,active,12,118,66,73
S18,S18-001,64,F,placebo,0,185,108,77
S18,S18-001,64,F,placebo,4,182,112,68
S18,S18-001,64,F,placebo,8,166,99,74
S18,S18-001,64,F,placebo,12,159,103,70
S18,S18-002,73,M,placebo,0,140,89,82
S18,S18-002,73,M,placebo,4,137,82,77
S18,S18-002,73,M,placebo,8,140,89,73
S18,S18-002,73,M,placebo,12,140,80,74
S18,S18-003,57,F,placebo,0,172,115,79
S18,S18-003,57,F,placebo,4,185,111,82
S18,S18-003,57,F,placebo,8,174,117,75
S18,S18-003,57,F,placebo,12,178,112,84
S18,S18-004,61,F,active,0,158,92,61
S18,S18-004,61,F,active,4,162,101,67
S18,S18-004,61,F,active,8,139,93,63
S18,S18-004,61,F,active,12,155,92,67
S18,S18-005,61,M,active,0,142,103,69
S18,S18-005,61,M,active,4,143,109,58
S18,S18-005,61,M,active,8,144,102,64
S18,S18-005,61,M,active,12,127,96,59
S18,S18-006,35,M,placebo,0,148,94,69
S18,S18-006,35,M,placebo,4,150,111,64
S18,S18-006,35,M,placebo,8,147,108,71
S18,S18-006,35,M,placebo,12,142,105,68
S18,S18-007,67,F,placebo,0,145,89,66
S18,S18-007,67,F,placebo,4,144,89,67
S18,S18-007,67,F,placebo,8,145,90,63
S18,S18-007,67,F,placebo,12,135,86,66
S18,S18-008,70,M,active,0,141,90,77
S18,S18-008,70,M,active,4,140,96,68
S18,S18-008,70,M,active,8,134,87,80
S18,S18-008,70,M,active,12,129,79,71
S18,S18-009,76,F,placebo,0,150,98,69
S18,S18-009,76,F,placebo,4,160,91,74
S18,S18-009,76,F,placebo,8,147,85,72
S18,S18-009,76,F,placebo,12,151,88,67
S18,S18-010,54,M,placebo,0,147,92,70
S18,S18-010,54,M,placebo,4,148,95,78
S18,S18-010,54,M,placebo,8,150,94,73
S18,S18-010,54,M,placebo,12,138,98,80
S18,S18-011,47,M,active,0,130,92,67
S18,S18-011,47,M,active,4,134,88,66
S18,S18-011,47,M,active,8,126,93,62
S18,S18-011,47,M,active,12,111,89,73
S18,S18-012,72,M,active,0,161,91,87
S18,S18-012,72,M,active,4,149,90,84
S18,S18-012,72,M,active,8,150,85,82
S18,S18-012,72,M,active,12,136,80,90
S18,S18-013,63,M,placebo,0,140,90,79
S18,S18-013,63,M,placebo,4,133,78,79
S18,S18-013,63,M,placebo,8,138,80,77
S18,S18-013,63,M,placebo,12,133,72,78
S18,S18-014,67,F,placebo,0,137,98,73
S18,S18-014,67,F,placebo,4,137,89,66
S18,S18-014,67,F,placebo,8,145,101,72
S18,S18-014,67,F,placebo,12,136,101,75
S18,S18-015,52,F,placebo,0,131,95,72
S18,S18-015,52,F,placebo,4,138,93,77
S18,S18-015,52,F,placebo,8,138,91,78
S18,S18-015,52,F,placebo,12,133,91,76
S18,S18-016,61,F,active,0,173,99,81
S18,S18-016,61,F,active,4,163,95,83
S18,S18-016,61,F,active,8,166,96,84
S18,S18-016,61,F,active,12,154,86,81
S18,S18-017,47,F,placebo,0,156,104,65
S18,S18-017,47,F,placebo,4,153,96,65
S18,S18-017,47,F,placebo,8,161,94,77
S18,S18-017,47,F,placebo,12,164,98,66
S18,S18-018,58,F,active,0,153,100,69
S18,S18-018,58,F,active,4,157,95,61
S18,S18-018,58,F,active,8,153,98,71
S18,S18-018,58,F,active,12,155,90,63
S18,S18-019,55,M,active,0,154,97,74
S18,S18-019,55,M,active,4,147,100,66
S18,S18-019,55,M,active,8,147,97,78
S18,S18-019,55,M,active,12,142,91,79
S18,S18-020,81,M,placebo,0,169,92,71
S18,S18-020,81,M,placebo,4,153,99,80
S18,S18-020,81,M,placebo,8,158,101,70
S18,S18-020,81,M,placebo,12,158,89,78
S18,S18-021,63,M,placebo,0,170,110,75
S18,S18-021,63,M,placebo,4,163,107,81
S18,S18-021,63,M,placebo,8,171,97,77
S18,S18-021,63,M,placebo,12,149,100,80
S18,S18-022,36,M,placebo,0,151,80,84
S18,S18-022,36,M,placebo,4,161,98,77
S18,S18-022,36,M,placebo,8,151,92,79
S18,S18-022,36,M,placebo,12,149,96,74
S18,S18-023,58,M,active,0,170,116,60
S18,S18-023,58,M,active,4,163,109,74
S18,S18-023,58,M,active,8,167,97,69
S18,S18-023,58,M,active,12,163,93,62
S18,S18-024,62,M,placebo,0,153,95,67
S18,S18-024,62,M,placebo,4,157,85,62
S18,S18-024,62,M,placebo,8,141,92,64
S18,S18-024,62,M,placebo,12,147,98,63
S18,S18-025,53,F,active,0,168,80,70
S18,S18-025,53,F,active,4,163,80,59
S18,S18-025,53,F,active,8,162,77,72
S18,S18-025,53,F,active,12,146,70,58
S18,S18-026,47,M,active,0,167,96,81
S18,S18-026,47,M,active,4,155,89,77
S18,S18-026,47,M,active,8,156,95,80
S18,S18-026,47,M,active,12,156,83,77
S18,S18-027,65,M,active,0,137,95,69
S18,S18-027,65,M,active,4,126,94,65
S18,S18-027,65,M,active,8,143,85,66
S18,S18-027,65,M,active,12,131,82,70
S18,S18-028,48,F,placebo,0,153,94,60
S18,S18-028,48,F,placebo,4,151,90,59
S18,S18-028,48,F,placebo,8,138,93,51
S18,S18-028,48,F,placebo,12,150,88,54
S18,S18-029,64,M,placebo,0,128,85,76
S18,S18-029,64,M,placebo,4,130,90,78
S18,S18-029,64,M,placebo,8,130,89,70
S18,S18-029,64,M,placebo,12,107,85,82
S18,S18-030,48,F,placebo,0,154,93,68
S18,S18-030,48,F,placebo,4,151,104,69
S18,S18-030,48,F,placebo,8,151,97,62
S18,S18-030,48,F,placebo,12,147,106,72
S18,S18-031,53,M,active,0,150,91,60
S18,S18-031,53,M,active,4,150,90,55
S18,S18-031,53,M,active,8,142,80,57
S18,S18-031,53,M,active,12,138,84,64
S18,S18-032,68,M,placebo,0,151,100,74
S18,S18-032,68,M,placebo,4,159,89,69
S18,S18-032,68,M,placebo,8,142,95,70
S18,S18-032,68,M,placebo,12,143,90,78
S18,S18-033,63,M,placebo,0,158,87,68
S18,S18-033,63,M,placebo,4,146,73,71
S18,S18-033,63,M,placebo,8,151,88,72
S18,S18-033,63,M,placebo,12,145,81,55
S18,S18-034,58,F,active,0,158,89,90
S18,S18-034,58,F,active,4,161,91,82
S18,S18-034,58,F,active,8,154,86,84
S18,S18-034,58,F,active,12,137,78,92
S18,S18-035,58,M,active,0,143,74,78
S18,S18-035,58,M,active,4,131,88,75
S18,S18-035,58,M,active,8,140,77,76
S18,S18-035,58,M,active,12,138,72,77
S18,S18-036,59,M,active,0,187,106,82
S18,S18-036,59,M,active,4,171,110,83
S18,S18-036,59,M,active,8,160,99,77
S18,S18-036,59,M,active,12,160,99,74
S18,S18-037,50,F,active,0,154,95,71
S18,S18-037,50,F,active,4,171,90,72
S18,S18-037,50,F,active,8,161,96,72
S18,S18-037,50,F,active,12,152,95,68
S18,S18-038,43,M,active,0,149,80,69
S18,S18-038,43,M,active,4,140,85,61
S18,S18-038,43,M,active,8,129,84,68
S18,S18-038,43,M,active,12,118,83,68
S18,S18-039,64,M,placebo,0,161,103,69
S18,S18-039,64,M,placebo,4,159,94,72
S18,S18-039,64,M,placebo,8,162,93,71
S18,S18-039,64,M,placebo,12,159,93,77
S18,S18-040,73,M,active,0,168,93,79
S18,S18-040,73,M,active,4,164,86,82
S18,S18-040,73,M,active,8,145,90,80
S18,S18-040,73,M,active,12,153,88,81
S18,S18-041,64,M,placebo,0,155,102,73
S18,S18-041,64,M,placebo,4,159,101,73
S18,S18-041,64,M,placebo,8,161,97,80
S18,S18-041,64,M,placebo,12,160,100,72
S18,S18-042,61,M,active,0,142,91,59
S18,S18-042,61,M,active,4,138,90,58
S18,S18-042,61,M,active,8,139,87,59
S18,S18-042,61,M,active,12,121,85,65
S18,S18-043,46,F,active,0,174,117,58
S18,S18-043,46,F,active,4,174,112,65
S18,S18-043,46,F,active,8,164,109,60
S18,S18-043,46,F,active,12,166,98,60
S18,S18-044,67,F,placebo,0,160,92,64
S18,S18-044,67,F,placebo,4,160,86,61
S18,S18-044,67,F,placebo,8,160,86,59
S18,S18-044,67,F,placebo,12,163,80,61
S18,S18-045,63,F,placebo,0,141,100,73
S18,S18-045,63,F,placebo,4,137,81,82
S18,S18-045,63,F,placebo,8,134,96,68
S18,S18-045,63,F,placebo,12,135,91,84
S18,S18-046,66,M,placebo,0,155,86,61
S18,S18-046,66,M,placebo,4,169,101,65
S18,S18-046,66,M,placebo,8,143,90,67
S18,S18-046,66,M,placebo,12,144,82,62
S18,S18-047,68,F,active,0,144,91,76
S18,S18-047,68,F,active,4,147,92,87
S18,S18-047,68,F,active,8,142,94,74
S18,S18-047,68,F,active,12,133,80,71
S18,S18-048,74,F,active,0,158,91,83
S18,S18-048,74,F,active,4,150,105,78
S18,S18-048,74,F,active,8,149,100,68
S18,S18-048,74,F,active,12,140,84,70
S18,S18-049,47,M,placebo,0,126,88,75
S18,S18-049,47,M,placebo,4,142,88,70
S18,S18-049,47,M,placebo,8,129,84,70
S18,S18-049,47,M,placebo,12,137,82,81
S18,S18-050,45,F,placebo,0,153,95,77
S18,S18-050,45,F,placebo,4,152,96,69
S18,S18-050,45,F,placebo,8,144,98,68
S18,S18-050,45,F,placebo,12,157,99,72
S18,S18-051,59,M,active,0,135,77,79
S18,S18-051,59,M,active,4,144,84,70
S18,S18-051,59,M,active,8,127,83,70
S18,S18-051,59,M,active,12,131,79,81
S18,S18-052,49,F,active,0,160,92,76
S18,S18-052,49,F,active,4,158,96,73
S18,S18-052,49,F,active,8,130,93,76
S18,S18-052,49,F,active,12,130,83,77
S18,S18-053,47,M,placebo,0,154,89,66
S18,S18-053,47,M,placebo,4,170,91,61
S18,S18-053,47,M,placebo,8,154,93,62
S18,S18-053,47,M,placebo,12,159,84,60
S18,S18-054,70,M,active,0,149,88,61
S18,S18-054,70,M,active,4,137,91,56
S18,S18-054,70,M,active,8,130,84,67
S18,S18-054,70,M,active,12,134,79,61
S18,S18-055,48,M,active,0,163,92,57
S18,S18-055,48,M,active,4,146,94,60
S18,S18-055,48,M,active,8,150,96,53
S18,S18-055,48,M,active,12,127,80,58
S18,S18-056,58,F,active,0,161,104,84
S18,S18-056,58,F,active,4,165,104,79
S18,S18-056,58,F,active,8,151,99,86
S18,S18-056,58,F,active,12,154,97,80
S18,S18-057,42,M,active,0,137,87,77
S18,S18-057,42,M,active,4,144,79,89
S18,S18-057,42,M,active,8,138,79,84
S18,S18-057,42,M,active,12,137,80,87
S18,S18-058,59,M,placebo,0,150,90,84
S18,S18-058,59,M,placebo,4,142,82,77
S18,S18-058,59,M,placebo,8,148,87,79
S18,S18-058,59,M,placebo,12,137,82,85
S18,S18-059,70,M,active,0,142,82,78
S18,S18-059,70,M,active,4,123,87,71
S18,S18-059,70,M,active,8,130,82,68
S18,S18-059,70,M,active,12,144,87,78
S18,S18-060,70,F,placebo,0,147,90,58
S18,S18-060,70,F,placebo,4,146,93,62
S18,S18-060,70,F,placebo,8,136,92,59
S18,S18-060,70,F,placebo,12,134,88,62
S18,S18-061,68,F,placebo,0,153,86,60
S18,S18-061,68,F,placebo,4,152,89,62
S18,S18-061,68,F,placebo,8,162,87,61
S18,S18-061,68,F,placebo,12,155,86,66
S18,S18-062,57,F,active,0,161,88,65
S18,S18-062,57,F,active,4,155,79,68
S18,S18-062,57,F,active,8,150,80,61
S18,S18-062,57,F,active,12,136,74,63
S18,S18-063,69,F,placebo,0,132,84,74
S18,S18-063,69,F,placebo,4,145,81,75
S18,S18-063,69,F,placebo,8,139,80,66
S18,S18-063,69,F,placebo,12,129,83,73
S18,S18-064,62,M,active,0,148,100,80
S18,S18-064,62,M,active,4,161,95,87
S18,S18-064,62,M,active,8,148,88,91
S18,S18-064,62,M,active,12,149,87,73
S18,S18-065,54,M,placebo,0,153,103,80
S18,S18-065,54,M,placebo,4,152,91,84
S18,S18-065,54,M,placebo,8,147,85,83
S18,S18-065,54,M,placebo,12,149,94,87
S18,S18-066,62,F,active,0,140,87,68
S18,S18-066,62,F,active,4,131,89,66
S18,S18-066,62,F,active,8,127,85,64
S18,S18-066,62,F,active,12,130,86,63
S18,S18-067,67,M,active,0,159,100,51
S18,S18-067,67,M,active,4,145,97,52
S18,S18-067,67,M,active,8,150,100,56
S18,S18-067,67,M,active,12,141,85,53
S18,S18-068,45,F,placebo,0,167,94,60
S18,S18-068,45,F,placebo,4,174,95,59
S18,S18-068,45,F,placebo,8,166,91,60
S18,S18-068,45,F,placebo,12,175,95,60
S18,S18-069,47,M,placebo,0,132,75,79
S18,S18-069,47,M,placebo,4,127,80,84
S18,S18-069,47,M,placebo,8,126,75,87
S18,S18-069,47,M,placebo,12,125,73,77
S18,S18-070,57,M,placebo,0,179,106,78
S18,S18-070,57,M,placebo,4,169,103,77
S18,S18-070,57,M,placebo,8,172,110,75
S18,S18-070,57,M,placebo,12,168,110,80
S18,S18-071,46,M,placebo,0,152,87,68
S18,S18-071,46,M,placebo,4,133,98,70
S18,S18-071,46,M,placebo,8,145,88,70
S18,S18-071,46,M,placebo,12,134,87,70
S18,S18-072,46,M,active,0,136,87,70
S18,S18-072,46,M,active,4,126,84,69
S18,S18-072,46,M,active,8,113,79,70
S18,S18-072,46,M,active,12,120,76,66
S18,S18-073,54,M,active,0,140,107,63
S18,S18-073,54,M,active,4,151,98,60
S18,S18-073,54,M,active,8,153,98,65
S18,S18-073,54,M,active,12,154,103,70
S18,S18-074,68,F,active,0,153,100,61
S18,S18-074,68,F,active,4,156,98,65
S18,S18-074,68,F,active,8,162,102,63
S18,S18-074,68,F,active,12,159,98,61
S19,S19-001,56,M,active,0,139,88,67
S19,S19-001,56,M,active,4,130,80,71
S19,S19-001,56,M,active,8,130,81,55
S19,S19-001,56,M,active,12,133,74,64
S19,S19-002,34,M,active,0,159,106,68
S19,S19-002,34,M,active,4,143,98,82
S19,S19-002,34,M,active,8,151,101,81
S19,S19-002,34,M,active,12,148,97,76
S19,S19-003,51,F,active,0,165,105,48
S19,S19-003,51,F,active,4,158,95,59
S19,S19-003,51,F,active,8,165,103,60
S19,S19-003,51,F,active,12,140,98,60
S19,S19-004,59,M,placebo,0,154,106,72
S19,S19-004,59,M,placebo,4,152,103,71
S19,S19-004,59,M,placebo,8,162,103,74
S19,S19-004,59,M,placebo,12,147,105,71
S19,S19-005,69,M,active,0,151,99,72
S19,S19-005,69,M,active,4,146,100,68
S19,S19-005,69,M,active,8,142,93,62
S19,S19-005,69,M,active,12,148,97,69
S19,S19-006,56,F,active,0,124,86,72
S19,S19-006,56,F,active,4,125,82,77
S19,S19-006,56,F,active,8,130,83,74
S19,S19-006,56,F,active,12,127,80,67
S19,S19-007,58,F,active,0,154,100,72
S19,S19-007,58,F,active,4,150,100,61
S19,S19-007,58,F,active,8,153,97,67
S19,S19-007,58,F,active,12,146,86,70
S19,S19-008,52,F,active,0,142,90,70
S19,S19-008,52,F,active,4,141,88,70
S19,S19-008,52,F,active,8,133,84,69
S19,S19-008,52,F,active,12,130,77,64
S19,S19-009,74,F,placebo,0,145,90,70
S19,S19-009,74,F,placebo,4,138,87,69
S19,S19-009,74,F,placebo,8,148,93,65
S19,S19-009,74,F,placebo,12,146,81,68
S19,S19-010,73,M,active,0,182,98,84
S19,S19-010,73,M,active,4,160,96,79
S19,S19-010,73,M,active,8,166,99,85
S19,S19-010,73,M,active,12,162,101,72
S19,S19-011,51,F,placebo,0,130,90,68
S19,S19-011,51,F,placebo,4,122,83,71
S19,S19-011,51,F,placebo,8,124,86,73
S19,S19-011,51,F,placebo,12,130,83,69
S19,S19-012,43,F,placebo,0,131,108,79
S19,S19-012,43,F,placebo,4,128,104,79
S19,S19-012,43,F,placebo,8,140,99,70
S19,S19-012,43,F,placebo,12,144,106,78
S19,S19-013,40,M,active,0,157,107,70
S19,S19-013,40,M,active,4,144,99,71
S19,S19-013,40,M,active,8,152,98,63
S19,S19-013,40,M,active,12,133,90,69
S19,S19-014,64,M,placebo,0,141,86,79
S19,S19-014,64,M,placebo,4,151,86,73
S19,S19-014,64,M,placebo,8,140,93,81
S19,S19-014,64,M,placebo,12,146,92,80
S19,S19-015,59,M,active,0,140,97,76
S19,S19-015,59,M,active,4,145,92,75
S19,S19-015,59,M,active,8,148,95,76
S19,S19-015,59,M,active,12,135,93,75
S19,S19-016,50,F,placebo,0,157,98,63
S19,S19-016,50,F,placebo,4,151,94,66
S19,S19-016,50,F,placebo,8,150,90,68
S19,S19-016,50,F,placebo,12,148,103,70
S19,S19-017,61,F,active,0,162,92,67
S19,S19-017,61,F,active,4,144,87,70
S19,S19-017,61,F,active,8,146,91,59
S19,S19-017,61,F,active,12,146,80,63
S19,S19-018,46,F,placebo,0,148,90,90
S19,S19-018,46,F,placebo,4,144,92,77
S19,S19-018,46,F,placebo,8,140,96,77
S19,S19-018,46,F,placebo,12,136,95,80
S19,S19-019,66,F,active,0,153,95,74
S19,S19-019,66,F,active,4,138,90,63
S19,S19-019,66,F,active,8,135,83,68
S19,S19-019,66,F,active,12,144,80,67
S19,S19-020,54,M,active,0,157,88,68
S19,S19-020,54,M,active,4,153,96,76
S19,S19-020,54,M,active,8,150,84,74
S19,S19-020,54,M,active,12,142,84,79
S19,S19-021,47,M,active,0,147,104,80
S19,S19-021,47,M,active,4,155,98,71
S19,S19-021,47,M,active,8,150,92,71
S19,S19-021,47,M,active,12,142,96,82
S19,S19-022,54,M,placebo,0,150,99,65
S19,S19-022,54,M,placebo,4,158,101,63
S19,S19-022,54,M,placebo,8,149,101,74
S19,S19-022,54,M,placebo,12,155,97,68
S19,S19-023,54,F,placebo,0,146,92,77
S19,S19-023,54,F,placebo,4,145,97,84
S19,S19-023,54,F,placebo,8,146,87,70
S19,S19-023,54,F,placebo,12,146,94,75
S19,S19-024,62,M,active,0,154,96,78
S19,S19-024,62,M,active,4,161,104,84
S19,S19-024,62,M,active,8,152,92,81
S19,S19-024,62,M,active,12,161,92,78
S19,S19-025,70,F,placebo,0,162,111,80
S19,S19-025,70,F,placebo,4,154,110,77
S19,S19-025,70,F,placebo,8,168,107,72
S19,S19-025,70,F,placebo,12,164,98,72
S19,S19-026,69,F,active,0,162,95,74
S19,S19-026,69,F,active,4,154,93,66
S19,S19-026,69,F,active,8,163,88,74
S19,S19-026,69,F,active,12,145,93,78
S19,S19-027,60,M,active,0,159,89,90
S19,S19-027,60,M,active,4,147,85,82
S19,S19-027,60,M,active,8,150,83,86
S19,S19-027,60,M,active,12,149,94,80
S19,S19-028,56,F,placebo,0,156,88,59
S19,S19-028,56,F,placebo,4,155,88,57
S19,S19-028,56,F,placebo,8,130,85,54
S19,S19-028,56,F,placebo,12,148,94,61
S19,S19-029,52,M,active,0,143,85,55
S19,S19-029,52,M,active,4,139,82,58
S19,S19-029,52,M,active,8,134,83,59
S19,S19-029,52,M,active,12,136,80,61
S19,S19-030,40,F,placebo,0,144,100,73
S19,S19-030,40,F,placebo,4,140,95,71
S19,S19-030,40,F,placebo,8,133,103,69
S19,S19-030,40,F,placebo,12,150,94,69
S19,S19-031,58,F,placebo,0,147,88,83
S19,S19-031,58,F,placebo,4,149,87,89
S19,S19-031,58,F,placebo,8,161,88,76
S19,S19-031,58,F,placebo,12,143,86,86
S19,S19-032,49,M,active,0,158,102,78
S19,S19-032,49,M,active,4,157,93,82
S19,S19-032,49,M,active,8,140,94,82
S19,S19-032,49,M,active,12,137,88,82
S19,S19-033,70,F,placebo,0,141,84,65
S19,S19-033,70,F,placebo,4,139,92,53
S19,S19-033,70,F,placebo,8,141,93,62
S19,S19-033,70,F,placebo,12,130,91,58
S19,S19-034,56,M,placebo,0,156,87,67
S19,S19-034,56,M,placebo,4,138,86,77
S19,S19-034,56,M,placebo,8,149,98,71
S19,S19-034,56,M,placebo,12,149,88,67
S19,S19-035,65,M,placebo,0,154,84,65
S19,S19-035,65,M,placebo,4,150,93,61
S19,S19-035,65,M,placebo,8,146,89,60
S19,S19-035,65,M,placebo,12,147,90,59
S19,S19-036,53,F,active,0,183,96,73
S19,S19-036,53,F,active,4,167,101,69
S19,S19-036,53,F,active,8,172,100,72
S19,S19-036,53,F,active,12,170,94,75
S19,S19-037,51,F,active,0,152,101,80
S19,S19-037,51,F,active,4,158,89,87
S19,S19-037,51,F,active,8,149,91,79
S19,S19-037,51,F,active,12,142,96,85
S19,S19-038,64,M,active,0,167,101,84
S19,S19-038,64,M,active,4,162,104,86
S19,S19-038,64,M,active,8,160,103,88
S19,S19-038,64,M,active,12,144,100,73
S19,S19-039,61,M,placebo,0,166,98,75
S19,S19-039,61,M,placebo,4,156,95,74
S19,S19-039,61,M,placebo,8,163,99,75
S19,S19-039,61,M,placebo,12,157,97,73
S19,S19-040,61,M,active,0,154,86,66
S19,S19-040,61,M,active,4,140,95,64
S19,S19-040,61,M,active,8,145,86,69
S19,S19-040,61,M,active,12,143,83,72
S19,S19-041,57,M,placebo,0,170,99,69
S19,S19-041,57,M,placebo,4,170,97,70
S19,S19-041,57,M,placebo,8,170,99,68
S19,S19-041,57,M,placebo,12,160,95,67
S19,S19-042,66,M,placebo,0,158,100,77
S19,S19-042,66,M,placebo,4,160,102,79
S19,S19-042,66,M,placebo,8,160,97,82
S19,S19-042,66,M,placebo,12,149,90,73
S19,S19-043,64,M,placebo,0,160,99,91
S19,S19-043,64,M,placebo,4,150,103,100
S19,S19-043,64,M,placebo,8,151,93,86
S19,S19-043,64,M,placebo,12,143,96,96
S19,S19-044,36,M,placebo,0,148,77,61
S19,S19-044,36,M,placebo,4,150,83,65
S19,S19-044,36,M,placebo,8,132,90,62
S19,S19-044,36,M,placebo,12,140,76,64
S19,S19-045,55,F,active,0,158,97,91
S19,S19-045,55,F,active,4,142,91,84
S19,S19-045,55,F,active,8,132,87,89
S19,S19-045,55,F,active,12,153,97,86
S19,S19-046,68,M,placebo,0,133,86,71
S19,S19-046,68,M,placebo,4,128,79,73
S19,S19-046,68,M,placebo,8,130,78,73
S19,S19-046,68,M,placebo,12,127,76,68
S19,S19-047,48,M,active,0,169,99,80
S19,S19-047,48,M,active,4,142,98,81
S19,S19-047,48,M,active,8,142,96,82
S19,S19-047,48,M,active,12,142,97,84
S19,S19-048,41,F,placebo,0,155,89,77
S19,S19-048,41,F,placebo,4,150,91,71
S19,S19-048,41,F,placebo,8,142,90,72
S19,S19-048,41,F,placebo,12,143,94,77
S19,S19-049,57,M,placebo,0,136,95,85
S19,S19-049,57,M,placebo,4,148,89,83
S19,S19-049,57,M,placebo,8,148,88,80
S19,S19-049,57,M,placebo,12,151,90,81
S20,S20-001,56,M,active,0,162,96,67
S20,S20-001,56,M,active,4,157,90,61
S20,S20-001,56,M,active,8,145,88,63
S20,S20-001,56,M,active,12,150,90,61
S20,S20-002,67,M,active,0,151,95,63
S20,S20-002,67,M,active,4,150,90,61
S20,S20-002,67,M,active,8,147,93,63
S20,S20-002,67,M,active,12,141,90,59
S20,S20-003,80,F,placebo,0,168,111,81
S20,S20-003,80,F,placebo,4,162,102,64
S20,S20-003,80,F,placebo,8,162,101,76
S20,S20-003,80,F,placebo,12,160,101,75
S20,S20-004,40,F,active,0,121,85,74
S20,S20-004,40,F,active,4,130,75,68
S20,S20-004,40,F,active,8,115,73,66
S20,S20-004,40,F,active,12,121,72,75
S20,S20-005,62,M,active,0,128,73,79
S20,S20-005,62,M,active,4,127,78,74
S20,S20-005,62,M,active,8,135,77,77
S20,S20-005,62,M,active,12,129,70,72
S20,S20-006,80,F,active,0,149,112,81
S20,S20-006,80,F,active,4,152,100,84
S20,S20-006,80,F,active,8,152,105,78
S20,S20-006,80,F,active,12,141,109,84
S20,S20-007,52,F,active,0,142,94,66
S20,S20-007,52,F,active,4,142,89,70
S20,S20-007,52,F,active,8,137,97,75
S20,S20-007,52,F,active,12,127,85,80
S20,S20-008,52,F,placebo,0,145,102,69
S20,S20-008,52,F,placebo,4,142,106,65
S20,S20-008,52,F,placebo,8,152,90,77
S20,S20-008,52,F,placebo,12,140,98,69
S20,S20-009,60,F,placebo,0,168,102,73
S20,S20-009,60,F,placebo,4,167,101,69
S20,S20-009,60,F,placebo,8,162,104,71
S20,S20-009,60,F,placebo,12,157,109,68
S20,S20-010,66,F,active,0,151,90,83
S20,S20-010,66,F,active,4,147,89,79
S20,S20-010,66,F,active,8,153,83,81
S20,S20-010,66,F,active,12,141,85,71
S20,S20-011,65,F,active,0,154,89,62
S20,S20-011,65,F,active,4,151,86,68
S20,S20-011,65,F,active,8,139,84,79
S20,S20-011,65,F,active,12,132,87,68
S20,S20-012,54,F,active,0,146,98,85
S20,S20-012,54,F,active,4,155,100,76
S20,S20-012,54,F,active,8,158,92,77
S20,S20-012,54,F,active,12,152,100,80
S20,S20-013,50,M,placebo,0,151,102,80
S20,S20-013,50,M,placebo,4,161,99,76
S20,S20-013,50,M,placebo,8,150,100,64
S20,S20-013,50,M,placebo,12,142,103,75
S20,S20-014,71,F,active,0,164,96,69
S20,S20-014,71,F,active,4,167,100,71
S20,S20-014,71,F,active,8,151,93,76
S20,S20-014,71,F,active,12,143,97,80
S20,S20-015,50,M,placebo,0,140,92,71
S20,S20-015,50,M,placebo,4,144,92,67
S20,S20-015,50,M,placebo,8,121,95,67
S20,S20-015,50,M,placebo,12,143,95,71
S20,S20-016,39,M,placebo,0,144,92,74
S20,S20-016,39,M,placebo,4,155,85,88
S20,S20-016,39,M,placebo,8,137,89,78
S20,S20-016,39,M,placebo,12,138,87,82
S20,S20-017,43,F,active,0,172,99,82
S20,S20-017,43,F,active,4,171,97,79
S20,S20-017,43,F,active,8,158,93,85
S20,S20-017,43,F,active,12,167,97,84
S20,S20-018,52,M,active,0,174,118,61
S20,S20-018,52,M,active,4,172,113,60
S20,S20-018,52,M,active,8,175,111,67
S20,S20-018,52,M,active,12,173,116,70
S20,S20-019,73,F,placebo,0,140,97,80
S20,S20-019,73,F,placebo,4,133,90,76
S20,S20-019,73,F,placebo,8,139,93,69
S20,S20-019,73,F,placebo,12,137,95,78
S20,S20-020,46,F,active,0,168,89,74
S20,S20-020,46,F,active,4,153,88,74
S20,S20-020,46,F,active,8,155,88,67
S20,S20-020,46,F,active,12,153,82,75
S20,S20-021,73,M,placebo,0,152,98,81
S20,S20-021,73,M,placebo,4,150,89,70
S20,S20-021,73,M,placebo,8,137,90,77
S20,S20-021,73,M,placebo,12,148,100,71
S20,S20-022,71,M,placebo,0,157,95,75
S20,S20-022,71,M,placebo,4,152,103,72
S20,S20-022,71,M,placebo,8,147,99,74
S20,S20-022,71,M,placebo,12,140,101,74
S20,S20-023,60,F,placebo,0,150,90,56
S20,S20-023,60,F,placebo,4,144,91,58
S20,S20-023,60,F,placebo,8,151,92,59
S20,S20-023,60,F,placebo,12,133,92,52
S20,S20-024,33,F,placebo,0,161,104,80
S20,S20-024,33,F,placebo,4,154,90,74
S20,S20-024,33,F,placebo,8,170,98,80
S20,S20-024,33,F,placebo,12,166,97,78
S20,S20-025,46,F,placebo,0,180,100,77
S20,S20-025,46,F,placebo,4,165,99,83
S20,S20-025,46,F,placebo,8,165,95,80
S20,S20-025,46,F,placebo,12,161,91,82
S20,S20-026,52,M,active,0,188,109,87
S20,S20-026,52,M,active,4,179,101,80
S20,S20-026,52,M,active,8,177,100,85
S20,S20-026,52,M,active,12,180,94,88
S20,S20-027,75,M,placebo,0,140,88,70
S20,S20-027,75,M,placebo,4,138,84,64
S20,S20-027,75,M,placebo,8,138,84,61
S20,S20-027,75,M,placebo,12,134,82,62
S20,S20-028,52,F,active,0,135,80,65
S20,S20-028,52,F,active,4,130,80,74
S20,S20-028,52,F,active,8,136,83,75
S20,S20-028,52,F,active,12,133,71,72
S20,S20-029,50,F,active,0,192,109,62
S20,S20-029,50,F,active,4,174,112,66
S20,S20-029,50,F,active,8,171,108,73
S20,S20-029,50,F,active,12,166,108,70
S20,S20-030,60,F,placebo,0,155,96,60
S20,S20-030,60,F,placebo,4,159,90,70
S20,S20-030,60,F,placebo,8,141,90,58
S20,S20-030,60,F,placebo,12,152,92,48
S20,S20-031,44,F,placebo,0,161,99,63
S20,S20-031,44,F,placebo,4,156,94,68
S20,S20-031,44,F,placebo,8,154,93,67
S20,S20-031,44,F,placebo,12,150,95,66
S20,S20-032,58,F,placebo,0,153,99,63
S20,S20-032,58,F,placebo,4,151,96,60
S20,S20-032,58,F,placebo,8,150,94,65
S20,S20-032,58,F,placebo,12,147,101,69
S20,S20-033,50,M,placebo,0,144,99,82
S20,S20-033,50,M,placebo,4,150,90,80
S20,S20-033,50,M,placebo,8,139,92,71
S20,S20-033,50,M,placebo,12,140,96,75
S20,S20-034,85,F,active,0,161,100,58
S20,S20-034,85,F,active,4,158,98,61
S20,S20-034,85,F,active,8,137,93,59
S20,S20-034,85,F,active,12,147,86,58
S20,S20-035,49,F,active,0,151,106,70
S20,S20-035,49,F,active,4,151,96,65
S20,S20-035,49,F,active,8,149,97,65
S20,S20-035,49,F,active,12,141,89,66
S20,S20-036,77,M,active,0,161,108,71
S20,S20-036,77,M,active,4,159,110,71
S20,S20-036,77,M,active,8,152,91,74
S20,S20-036,77,M,active,12,150,95,63
S20,S20-037,47,M,placebo,0,159,100,79
S20,S20-037,47,M,placebo,4,154,92,78
S20,S20-037,47,M,placebo,8,163,94,77
S20,S20-037,47,M,placebo,12,152,84,81
S20,S20-038,61,M,active,0,155,96,99
S20,S20-038,61,M,active,4,157,96,92
S20,S20-038,61,M,active,8,146,89,101
S20,S20-038,61,M,active,12,155,86,88
S20,S20-039,63,M,placebo,0,158,93,77
S20,S20-039,63,M,placebo,4,147,101,71
S20,S20-039,63,M,placebo,8,157,92,72
S20,S20-039,63,M,placebo,12,153,103,75
S20,S20-040,59,F,placebo,0,173,104,60
S20,S20-040,59,F,placebo,4,182,110,52
S20,S20-040,59,F,placebo,8,166,109,66
S20,S20-040,59,F,placebo,12,177,102,67
S20,S20-041,59,F,active,0,159,103,66
S20,S20-041,59,F,active,4,158,102,66
S20,S20-041,59,F,active,8,151,100,65
S20,S20-041,59,F,active,12,148,95,60
S20,S20-042,67,F,active,0,146,90,70
S20,S20-042,67,F,active,4,132,84,80
S20,S20-042,67,F,active,8,141,84,82
S20,S20-042,67,F,active,12,134,85,80
S20,S20-043,62,M,placebo,0,136,94,63
S20,S20-043,62,M,placebo,4,150,88,64
S20,S20-043,62,M,placebo,8,150,94,64
S20,S20-043,62,M,placebo,12,135,92,60
S20,S20-044,56,F,active,0,142,88,82
S20,S20-044,56,F,active,4,150,87,80
S20,S20-044,56,F,active,8,142,91,80
S20,S20-044,56,F,active,12,135,88,85
S20,S20-045,51,M,active,0,167,100,80
S20,S20-045,51,M,active,4,160,100,65
S20,S20-045,51,M,active,8,163,105,73
S20,S20-045,51,M,active,12,151,96,73
S20,S20-046,56,F,placebo,0,141,93,76
S20,S20-046,56,F,placebo,4,144,97,65
S20,S20-046,56,F,placebo,8,121,90,59
S20,S20-046,56,F,placebo,12,141,84,74
S20,S20-047,56,M,placebo,0,154,99,62
S20,S20-047,56,M,placebo,4,159,102,51
S20,S20-047,56,M,placebo,8,165,97,58
S20,S20-047,56,M,placebo,12,152,99,65
S20,S20-048,56,F,active,0,142,87,75
S20,S20-048,56,F,active,4,142,86,80
S20,S20-048,56,F,active,8,131,91,81
S20,S20-048,56,F,active,12,151,80,74
S20,S20-049,59,M,placebo,0,139,80,64
S20,S20-049,59,M,placebo,4,149,85,59
S20,S20-049,59,M,placebo,8,136,90,65
S20,S20-049,59,M,placebo,12,137,90,63
